model_id,model_name,tissue,label,baseline_flagged,configuration,gap,flagged_ge_0_25
ACH-000007,LS-513,Large Intestine,MSS,False,baseline,0.17097701149425282,False
ACH-000007,LS-513,Large Intestine,MSS,False,omit_Avana_AGAAAACCTCAATAGTGGCA,0.21264367816091956,False
ACH-000007,LS-513,Large Intestine,MSS,False,omit_Avana_CTAACATTGAGACTGAACTG,0.17097701149425282,False
ACH-000007,LS-513,Large Intestine,MSS,False,omit_Avana_GTAGCAGTAAGTGCAACGAT,0.17097701149425282,False
ACH-000007,LS-513,Large Intestine,MSS,False,omit_Avana_TCTTCCATCAGAGAAATAAG,0.17097701149425282,False
ACH-000007,LS-513,Large Intestine,MSS,False,omit_KY_GCACGTACATAAGCATCAG,0.17097701149425282,False
ACH-000007,LS-513,Large Intestine,MSS,False,omit_KY_GTCTATCCGCTGTAGCAAT,0.23994252873563215,False
ACH-000007,LS-513,Large Intestine,MSS,False,omit_KY_TAGCAGTAAGTGCAACGAT,0.17097701149425282,False
ACH-000007,LS-513,Large Intestine,MSS,False,omit_KY_TAGCATGAGTCTATCAGAT,0.1364942528735632,False
ACH-000007,LS-513,Large Intestine,MSS,False,omit_KY_TGGAGTTACGTATACAATC,0.17097701149425282,False
ACH-000009,C2BBe1,Large Intestine,MSS,False,baseline,0.2327586206896552,False
ACH-000009,C2BBe1,Large Intestine,MSS,False,omit_Avana_AGAAAACCTCAATAGTGGCA,0.1077586206896552,False
ACH-000009,C2BBe1,Large Intestine,MSS,False,omit_Avana_CTAACATTGAGACTGAACTG,0.14942528735632188,False
ACH-000009,C2BBe1,Large Intestine,MSS,False,omit_Avana_GTAGCAGTAAGTGCAACGAT,0.14942528735632188,False
ACH-000009,C2BBe1,Large Intestine,MSS,False,omit_Avana_TCTTCCATCAGAGAAATAAG,0.2327586206896552,False
ACH-000009,C2BBe1,Large Intestine,MSS,False,omit_KY_GCACGTACATAAGCATCAG,0.16379310344827586,False
ACH-000009,C2BBe1,Large Intestine,MSS,False,omit_KY_GTCTATCCGCTGTAGCAAT,0.025862068965517238,False
ACH-000009,C2BBe1,Large Intestine,MSS,False,omit_KY_TAGCAGTAAGTGCAACGAT,0.19827586206896552,False
ACH-000009,C2BBe1,Large Intestine,MSS,False,omit_KY_TAGCATGAGTCTATCAGAT,0.04310344827586207,False
ACH-000009,C2BBe1,Large Intestine,MSS,False,omit_KY_TGGAGTTACGTATACAATC,0.04310344827586207,False
ACH-000252,LS1034,Large Intestine,MSS,False,baseline,0.04597701149425287,False
ACH-000252,LS1034,Large Intestine,MSS,False,omit_Avana_AGAAAACCTCAATAGTGGCA,0.0373563218390805,False
ACH-000252,LS1034,Large Intestine,MSS,False,omit_Avana_CTAACATTGAGACTGAACTG,0.0373563218390805,False
ACH-000252,LS1034,Large Intestine,MSS,False,omit_Avana_GTAGCAGTAAGTGCAACGAT,0.0876436781609195,False
ACH-000252,LS1034,Large Intestine,MSS,False,omit_Avana_TCTTCCATCAGAGAAATAAG,0.17097701149425285,False
ACH-000252,LS1034,Large Intestine,MSS,False,omit_KY_GCACGTACATAAGCATCAG,0.2528735632183908,True
ACH-000252,LS1034,Large Intestine,MSS,False,omit_KY_GTCTATCCGCTGTAGCAAT,0.2873563218390805,True
ACH-000252,LS1034,Large Intestine,MSS,False,omit_KY_TAGCAGTAAGTGCAACGAT,0.2528735632183908,True
ACH-000252,LS1034,Large Intestine,MSS,False,omit_KY_TAGCATGAGTCTATCAGAT,0.01149425287356326,False
ACH-000252,LS1034,Large Intestine,MSS,False,omit_KY_TGGAGTTACGTATACAATC,0.08045977011494254,False
ACH-000350,COLO-678,Large Intestine,MSS,True,baseline,0.3448275862068966,True
ACH-000350,COLO-678,Large Intestine,MSS,True,omit_Avana_AGAAAACCTCAATAGTGGCA,0.26149425287356326,True
ACH-000350,COLO-678,Large Intestine,MSS,True,omit_Avana_CTAACATTGAGACTGAACTG,0.3448275862068966,True
ACH-000350,COLO-678,Large Intestine,MSS,True,omit_Avana_GTAGCAGTAAGTGCAACGAT,0.3031609195402299,True
ACH-000350,COLO-678,Large Intestine,MSS,True,omit_Avana_TCTTCCATCAGAGAAATAAG,0.3031609195402299,True
ACH-000350,COLO-678,Large Intestine,MSS,True,omit_KY_GCACGTACATAAGCATCAG,0.27586206896551724,True
ACH-000350,COLO-678,Large Intestine,MSS,True,omit_KY_GTCTATCCGCTGTAGCAAT,0.3448275862068966,True
ACH-000350,COLO-678,Large Intestine,MSS,True,omit_KY_TAGCAGTAAGTGCAACGAT,0.3448275862068966,True
ACH-000350,COLO-678,Large Intestine,MSS,True,omit_KY_TAGCATGAGTCTATCAGAT,0.3103448275862069,True
ACH-000350,COLO-678,Large Intestine,MSS,True,omit_KY_TGGAGTTACGTATACAATC,0.3448275862068966,True
ACH-000381,T84,Large Intestine,MSS,True,baseline,0.4525862068965517,True
ACH-000381,T84,Large Intestine,MSS,True,omit_Avana_AGAAAACCTCAATAGTGGCA,0.4525862068965517,True
ACH-000381,T84,Large Intestine,MSS,True,omit_Avana_CTAACATTGAGACTGAACTG,0.49425287356321834,True
ACH-000381,T84,Large Intestine,MSS,True,omit_Avana_GTAGCAGTAAGTGCAACGAT,0.49425287356321834,True
ACH-000381,T84,Large Intestine,MSS,True,omit_Avana_TCTTCCATCAGAGAAATAAG,0.5359195402298851,True
ACH-000381,T84,Large Intestine,MSS,True,omit_KY_GCACGTACATAAGCATCAG,0.3146551724137931,True
ACH-000381,T84,Large Intestine,MSS,True,omit_KY_GTCTATCCGCTGTAGCAAT,0.521551724137931,True
ACH-000381,T84,Large Intestine,MSS,True,omit_KY_TAGCAGTAAGTGCAACGAT,0.2456896551724138,False
ACH-000381,T84,Large Intestine,MSS,True,omit_KY_TAGCATGAGTCTATCAGAT,0.5905172413793104,True
ACH-000381,T84,Large Intestine,MSS,True,omit_KY_TGGAGTTACGTATACAATC,0.625,True
ACH-000421,SW837,Large Intestine,MSS,False,baseline,0.18821839080459773,False
ACH-000421,SW837,Large Intestine,MSS,False,omit_Avana_AGAAAACCTCAATAGTGGCA,0.14655172413793105,False
ACH-000421,SW837,Large Intestine,MSS,False,omit_Avana_CTAACATTGAGACTGAACTG,0.27155172413793105,True
ACH-000421,SW837,Large Intestine,MSS,False,omit_Avana_GTAGCAGTAAGTGCAACGAT,0.27155172413793105,True
ACH-000421,SW837,Large Intestine,MSS,False,omit_Avana_TCTTCCATCAGAGAAATAAG,0.22988505747126436,False
ACH-000421,SW837,Large Intestine,MSS,False,omit_KY_GCACGTACATAAGCATCAG,0.257183908045977,True
ACH-000421,SW837,Large Intestine,MSS,False,omit_KY_GTCTATCCGCTGTAGCAAT,0.1192528735632184,False
ACH-000421,SW837,Large Intestine,MSS,False,omit_KY_TAGCAGTAAGTGCAACGAT,0.22270114942528738,False
ACH-000421,SW837,Large Intestine,MSS,False,omit_KY_TAGCATGAGTCTATCAGAT,0.15373563218390807,False
ACH-000421,SW837,Large Intestine,MSS,False,omit_KY_TGGAGTTACGTATACAATC,0.1192528735632184,False
ACH-000532,SNU-61,Large Intestine,MSS,False,baseline,0.08620689655172414,False
ACH-000532,SNU-61,Large Intestine,MSS,False,omit_Avana_AGAAAACCTCAATAGTGGCA,0.16954022988505751,False
ACH-000532,SNU-61,Large Intestine,MSS,False,omit_Avana_CTAACATTGAGACTGAACTG,0.2054597701149425,False
ACH-000532,SNU-61,Large Intestine,MSS,False,omit_Avana_GTAGCAGTAAGTGCAACGAT,0.16379310344827586,False
ACH-000532,SNU-61,Large Intestine,MSS,False,omit_Avana_TCTTCCATCAGAGAAATAAG,0.12787356321839077,False
ACH-000532,SNU-61,Large Intestine,MSS,False,omit_KY_GCACGTACATAAGCATCAG,0.12068965517241381,False
ACH-000532,SNU-61,Large Intestine,MSS,False,omit_KY_GTCTATCCGCTGTAGCAAT,0.08620689655172414,False
ACH-000532,SNU-61,Large Intestine,MSS,False,omit_KY_TAGCAGTAAGTGCAACGAT,0.1896551724137931,False
ACH-000532,SNU-61,Large Intestine,MSS,False,omit_KY_TAGCATGAGTCTATCAGAT,0.017241379310344807,False
ACH-000532,SNU-61,Large Intestine,MSS,False,omit_KY_TGGAGTTACGTATACAATC,0.051724137931034475,False
ACH-000552,HT-29,Large Intestine,MSS,False,baseline,0.10201149425287356,False
ACH-000552,HT-29,Large Intestine,MSS,False,omit_Avana_AGAAAACCTCAATAGTGGCA,0.01867816091954022,False
ACH-000552,HT-29,Large Intestine,MSS,False,omit_Avana_CTAACATTGAGACTGAACTG,0.060344827586206906,False
ACH-000552,HT-29,Large Intestine,MSS,False,omit_Avana_GTAGCAGTAAGTGCAACGAT,0.10632183908045978,False
ACH-000552,HT-29,Large Intestine,MSS,False,omit_Avana_TCTTCCATCAGAGAAATAAG,0.01867816091954022,False
ACH-000552,HT-29,Large Intestine,MSS,False,omit_KY_GCACGTACATAAGCATCAG,0.033045977011494254,False
ACH-000552,HT-29,Large Intestine,MSS,False,omit_KY_GTCTATCCGCTGTAGCAAT,0.10201149425287356,False
ACH-000552,HT-29,Large Intestine,MSS,False,omit_KY_TAGCAGTAAGTGCAACGAT,0.0675287356321839,False
ACH-000552,HT-29,Large Intestine,MSS,False,omit_KY_TAGCATGAGTCTATCAGAT,0.17097701149425285,False
ACH-000552,HT-29,Large Intestine,MSS,False,omit_KY_TGGAGTTACGTATACAATC,0.17097701149425285,False
ACH-000651,SW620,Large Intestine,MSS,False,baseline,0.09626436781609196,False
ACH-000651,SW620,Large Intestine,MSS,False,omit_Avana_AGAAAACCTCAATAGTGGCA,0.13793103448275862,False
ACH-000651,SW620,Large Intestine,MSS,False,omit_Avana_CTAACATTGAGACTGAACTG,0.02873563218390804,False
ACH-000651,SW620,Large Intestine,MSS,False,omit_Avana_GTAGCAGTAAGTGCAACGAT,0.13793103448275862,False
ACH-000651,SW620,Large Intestine,MSS,False,omit_Avana_TCTTCCATCAGAGAAATAAG,0.012931034482758619,False
ACH-000651,SW620,Large Intestine,MSS,False,omit_KY_GCACGTACATAAGCATCAG,0.13074712643678163,False
ACH-000651,SW620,Large Intestine,MSS,False,omit_KY_GTCTATCCGCTGTAGCAAT,0.09626436781609196,False
ACH-000651,SW620,Large Intestine,MSS,False,omit_KY_TAGCAGTAAGTGCAACGAT,0.19971264367816094,False
ACH-000651,SW620,Large Intestine,MSS,False,omit_KY_TAGCATGAGTCTATCAGAT,0.23419540229885058,False
ACH-000651,SW620,Large Intestine,MSS,False,omit_KY_TGGAGTTACGTATACAATC,0.09626436781609196,False
ACH-000926,HT55,Large Intestine,MSS,False,baseline,0.13218390804597702,False
ACH-000926,HT55,Large Intestine,MSS,False,omit_Avana_AGAAAACCTCAATAGTGGCA,0.13218390804597702,False
ACH-000926,HT55,Large Intestine,MSS,False,omit_Avana_CTAACATTGAGACTGAACTG,0.048850574712643674,False
ACH-000926,HT55,Large Intestine,MSS,False,omit_Avana_GTAGCAGTAAGTGCAACGAT,0.13218390804597702,False
ACH-000926,HT55,Large Intestine,MSS,False,omit_Avana_TCTTCCATCAGAGAAATAAG,0.13218390804597702,False
ACH-000926,HT55,Large Intestine,MSS,False,omit_KY_GCACGTACATAAGCATCAG,0.16666666666666666,False
ACH-000926,HT55,Large Intestine,MSS,False,omit_KY_GTCTATCCGCTGTAGCAAT,0.09770114942528735,False
ACH-000926,HT55,Large Intestine,MSS,False,omit_KY_TAGCAGTAAGTGCAACGAT,0.16666666666666666,False
ACH-000926,HT55,Large Intestine,MSS,False,omit_KY_TAGCATGAGTCTATCAGAT,0.09770114942528735,False
ACH-000926,HT55,Large Intestine,MSS,False,omit_KY_TGGAGTTACGTATACAATC,0.13218390804597702,False
ACH-000935,MDST8,Large Intestine,MSS,False,baseline,0.07183908045977005,False
ACH-000935,MDST8,Large Intestine,MSS,False,omit_Avana_AGAAAACCTCAATAGTGGCA,0.011494252873563204,False
ACH-000935,MDST8,Large Intestine,MSS,False,omit_Avana_CTAACATTGAGACTGAACTG,0.053160919540229945,False
ACH-000935,MDST8,Large Intestine,MSS,False,omit_Avana_GTAGCAGTAAGTGCAACGAT,0.030172413793103425,False
ACH-000935,MDST8,Large Intestine,MSS,False,omit_Avana_TCTTCCATCAGAGAAATAAG,0.15517241379310343,False
ACH-000935,MDST8,Large Intestine,MSS,False,omit_KY_GCACGTACATAAGCATCAG,0.07183908045977005,False
ACH-000935,MDST8,Large Intestine,MSS,False,omit_KY_GTCTATCCGCTGTAGCAAT,0.07183908045977005,False
ACH-000935,MDST8,Large Intestine,MSS,False,omit_KY_TAGCAGTAAGTGCAACGAT,0.10632183908045978,False
ACH-000935,MDST8,Large Intestine,MSS,False,omit_KY_TAGCATGAGTCTATCAGAT,0.03735632183908044,False
ACH-000935,MDST8,Large Intestine,MSS,False,omit_KY_TGGAGTTACGTATACAATC,0.07183908045977005,False
ACH-000943,RKO,Large Intestine,MSI,False,baseline,0.10344827586206895,False
ACH-000943,RKO,Large Intestine,MSI,False,omit_Avana_AGAAAACCTCAATAGTGGCA,0.06178160919540232,False
ACH-000943,RKO,Large Intestine,MSI,False,omit_Avana_CTAACATTGAGACTGAACTG,0.06178160919540232,False
ACH-000943,RKO,Large Intestine,MSI,False,omit_Avana_GTAGCAGTAAGTGCAACGAT,0.10344827586206895,False
ACH-000943,RKO,Large Intestine,MSI,False,omit_Avana_TCTTCCATCAGAGAAATAAG,0.02011494252873558,False
ACH-000943,RKO,Large Intestine,MSI,False,omit_KY_GCACGTACATAAGCATCAG,0.13793103448275867,False
ACH-000943,RKO,Large Intestine,MSI,False,omit_KY_GTCTATCCGCTGTAGCAAT,0.03448275862068961,False
ACH-000943,RKO,Large Intestine,MSI,False,omit_KY_TAGCAGTAAGTGCAACGAT,0.13793103448275867,False
ACH-000943,RKO,Large Intestine,MSI,False,omit_KY_TAGCATGAGTCTATCAGAT,0.0,False
ACH-000943,RKO,Large Intestine,MSI,False,omit_KY_TGGAGTTACGTATACAATC,0.03448275862068961,False
ACH-000950,LoVo,Large Intestine,MSI,False,baseline,0.2227011494252873,False
ACH-000950,LoVo,Large Intestine,MSI,False,omit_Avana_AGAAAACCTCAATAGTGGCA,0.13936781609195403,False
ACH-000950,LoVo,Large Intestine,MSI,False,omit_Avana_CTAACATTGAGACTGAACTG,0.38936781609195403,True
ACH-000950,LoVo,Large Intestine,MSI,False,omit_Avana_GTAGCAGTAAGTGCAACGAT,0.09770114942528729,False
ACH-000950,LoVo,Large Intestine,MSI,False,omit_Avana_TCTTCCATCAGAGAAATAAG,0.3477011494252873,True
ACH-000950,LoVo,Large Intestine,MSI,False,omit_KY_GCACGTACATAAGCATCAG,0.257183908045977,True
ACH-000950,LoVo,Large Intestine,MSI,False,omit_KY_GTCTATCCGCTGTAGCAAT,0.2227011494252873,False
ACH-000950,LoVo,Large Intestine,MSI,False,omit_KY_TAGCAGTAAGTGCAACGAT,0.2227011494252873,False
ACH-000950,LoVo,Large Intestine,MSI,False,omit_KY_TAGCATGAGTCTATCAGAT,0.257183908045977,True
ACH-000950,LoVo,Large Intestine,MSI,False,omit_KY_TGGAGTTACGTATACAATC,0.18821839080459768,False
ACH-000957,LS-180,Large Intestine,MSI,False,baseline,0.0818965517241379,False
ACH-000957,LS-180,Large Intestine,MSI,False,omit_Avana_AGAAAACCTCAATAGTGGCA,0.0818965517241379,False
ACH-000957,LS-180,Large Intestine,MSI,False,omit_Avana_CTAACATTGAGACTGAACTG,0.04022988505747127,False
ACH-000957,LS-180,Large Intestine,MSI,False,omit_Avana_GTAGCAGTAAGTGCAACGAT,0.0818965517241379,False
ACH-000957,LS-180,Large Intestine,MSI,False,omit_Avana_TCTTCCATCAGAGAAATAAG,0.04022988505747127,False
ACH-000957,LS-180,Large Intestine,MSI,False,omit_KY_GCACGTACATAAGCATCAG,0.15086206896551724,False
ACH-000957,LS-180,Large Intestine,MSI,False,omit_KY_GTCTATCCGCTGTAGCAAT,0.0818965517241379,False
ACH-000957,LS-180,Large Intestine,MSI,False,omit_KY_TAGCAGTAAGTGCAACGAT,0.11637931034482762,False
ACH-000957,LS-180,Large Intestine,MSI,False,omit_KY_TAGCATGAGTCTATCAGAT,0.0818965517241379,False
ACH-000957,LS-180,Large Intestine,MSI,False,omit_KY_TGGAGTTACGTATACAATC,0.11637931034482762,False
ACH-000958,SW48,Large Intestine,MSI,False,baseline,0.007183908045977017,False
ACH-000958,SW48,Large Intestine,MSI,False,omit_Avana_AGAAAACCTCAATAGTGGCA,0.03448275862068961,False
ACH-000958,SW48,Large Intestine,MSI,False,omit_Avana_CTAACATTGAGACTGAACTG,0.04885057471264376,False
ACH-000958,SW48,Large Intestine,MSI,False,omit_Avana_GTAGCAGTAAGTGCAACGAT,0.007183908045977017,False
ACH-000958,SW48,Large Intestine,MSI,False,omit_Avana_TCTTCCATCAGAGAAATAAG,0.007183908045977017,False
ACH-000958,SW48,Large Intestine,MSI,False,omit_KY_GCACGTACATAAGCATCAG,0.027298850574712707,False
ACH-000958,SW48,Large Intestine,MSI,False,omit_KY_GTCTATCCGCTGTAGCAAT,0.06178160919540232,False
ACH-000958,SW48,Large Intestine,MSI,False,omit_KY_TAGCAGTAAGTGCAACGAT,0.007183908045977017,False
ACH-000958,SW48,Large Intestine,MSI,False,omit_KY_TAGCATGAGTCTATCAGAT,0.027298850574712707,False
ACH-000958,SW48,Large Intestine,MSI,False,omit_KY_TGGAGTTACGTATACAATC,0.027298850574712707,False
ACH-000969,KM12,Large Intestine,MSI,False,baseline,0.15804597701149425,False
ACH-000969,KM12,Large Intestine,MSI,False,omit_Avana_AGAAAACCTCAATAGTGGCA,0.15804597701149425,False
ACH-000969,KM12,Large Intestine,MSI,False,omit_Avana_CTAACATTGAGACTGAACTG,0.11637931034482762,False
ACH-000969,KM12,Large Intestine,MSI,False,omit_Avana_GTAGCAGTAAGTGCAACGAT,0.15804597701149425,False
ACH-000969,KM12,Large Intestine,MSI,False,omit_Avana_TCTTCCATCAGAGAAATAAG,0.11637931034482762,False
ACH-000969,KM12,Large Intestine,MSI,False,omit_KY_GCACGTACATAAGCATCAG,0.15804597701149425,False
ACH-000969,KM12,Large Intestine,MSI,False,omit_KY_GTCTATCCGCTGTAGCAAT,0.08908045977011492,False
ACH-000969,KM12,Large Intestine,MSI,False,omit_KY_TAGCAGTAAGTGCAACGAT,0.08908045977011492,False
ACH-000969,KM12,Large Intestine,MSI,False,omit_KY_TAGCATGAGTCTATCAGAT,0.08908045977011492,False
ACH-000969,KM12,Large Intestine,MSI,False,omit_KY_TGGAGTTACGTATACAATC,0.12356321839080453,False
ACH-001345,GP5d,Large Intestine,MSI,False,baseline,0.025862068965517238,False
ACH-001345,GP5d,Large Intestine,MSI,False,omit_Avana_AGAAAACCTCAATAGTGGCA,0.025862068965517238,False
ACH-001345,GP5d,Large Intestine,MSI,False,omit_Avana_CTAACATTGAGACTGAACTG,0.025862068965517238,False
ACH-001345,GP5d,Large Intestine,MSI,False,omit_Avana_GTAGCAGTAAGTGCAACGAT,0.025862068965517238,False
ACH-001345,GP5d,Large Intestine,MSI,False,omit_Avana_TCTTCCATCAGAGAAATAAG,0.025862068965517238,False
ACH-001345,GP5d,Large Intestine,MSI,False,omit_KY_GCACGTACATAAGCATCAG,0.0431034482758621,False
ACH-001345,GP5d,Large Intestine,MSI,False,omit_KY_GTCTATCCGCTGTAGCAAT,0.025862068965517238,False
ACH-001345,GP5d,Large Intestine,MSI,False,omit_KY_TAGCAGTAAGTGCAACGAT,0.025862068965517238,False
ACH-001345,GP5d,Large Intestine,MSI,False,omit_KY_TAGCATGAGTCTATCAGAT,0.025862068965517238,False
ACH-001345,GP5d,Large Intestine,MSI,False,omit_KY_TGGAGTTACGTATACAATC,0.025862068965517238,False
ACH-000048,TOV-112D,Ovary,MSS,True,baseline,0.5238095238095238,True
ACH-000048,TOV-112D,Ovary,MSS,True,omit_Avana_AGAAAACCTCAATAGTGGCA,0.3333333333333333,True
ACH-000048,TOV-112D,Ovary,MSS,True,omit_Avana_CTAACATTGAGACTGAACTG,0.7619047619047619,True
ACH-000048,TOV-112D,Ovary,MSS,True,omit_Avana_GTAGCAGTAAGTGCAACGAT,0.47619047619047616,True
ACH-000048,TOV-112D,Ovary,MSS,True,omit_Avana_TCTTCCATCAGAGAAATAAG,0.6190476190476191,True
ACH-000048,TOV-112D,Ovary,MSS,True,omit_KY_GCACGTACATAAGCATCAG,0.5238095238095238,True
ACH-000048,TOV-112D,Ovary,MSS,True,omit_KY_GTCTATCCGCTGTAGCAAT,0.5238095238095238,True
ACH-000048,TOV-112D,Ovary,MSS,True,omit_KY_TAGCAGTAAGTGCAACGAT,0.5238095238095238,True
ACH-000048,TOV-112D,Ovary,MSS,True,omit_KY_TAGCATGAGTCTATCAGAT,0.5238095238095238,True
ACH-000048,TOV-112D,Ovary,MSS,True,omit_KY_TGGAGTTACGTATACAATC,0.5238095238095238,True
ACH-000132,JHOS-2,Ovary,MSS,True,baseline,0.38857142857142857,True
ACH-000132,JHOS-2,Ovary,MSS,True,omit_Avana_AGAAAACCTCAATAGTGGCA,0.6742857142857143,True
ACH-000132,JHOS-2,Ovary,MSS,True,omit_Avana_CTAACATTGAGACTGAACTG,0.05523809523809523,False
ACH-000132,JHOS-2,Ovary,MSS,True,omit_Avana_GTAGCAGTAAGTGCAACGAT,0.15047619047619046,False
ACH-000132,JHOS-2,Ovary,MSS,True,omit_Avana_TCTTCCATCAGAGAAATAAG,0.6266666666666666,True
ACH-000132,JHOS-2,Ovary,MSS,True,omit_KY_GCACGTACATAAGCATCAG,0.38857142857142857,True
ACH-000132,JHOS-2,Ovary,MSS,True,omit_KY_GTCTATCCGCTGTAGCAAT,0.38857142857142857,True
ACH-000132,JHOS-2,Ovary,MSS,True,omit_KY_TAGCAGTAAGTGCAACGAT,0.30857142857142855,True
ACH-000132,JHOS-2,Ovary,MSS,True,omit_KY_TAGCATGAGTCTATCAGAT,0.38857142857142857,True
ACH-000132,JHOS-2,Ovary,MSS,True,omit_KY_TGGAGTTACGTATACAATC,0.38857142857142857,True
ACH-000291,OV-90,Ovary,MSS,False,baseline,0.17904761904761907,False
ACH-000291,OV-90,Ovary,MSS,False,omit_Avana_AGAAAACCTCAATAGTGGCA,0.36952380952380953,True
ACH-000291,OV-90,Ovary,MSS,False,omit_Avana_CTAACATTGAGACTGAACTG,0.05904761904761907,False
ACH-000291,OV-90,Ovary,MSS,False,omit_Avana_GTAGCAGTAAGTGCAACGAT,0.011428571428571455,False
ACH-000291,OV-90,Ovary,MSS,False,omit_Avana_TCTTCCATCAGAGAAATAAG,0.32190476190476186,True
ACH-000291,OV-90,Ovary,MSS,False,omit_KY_GCACGTACATAAGCATCAG,0.1390476190476191,False
ACH-000291,OV-90,Ovary,MSS,False,omit_KY_GTCTATCCGCTGTAGCAAT,0.21904761904761905,False
ACH-000291,OV-90,Ovary,MSS,False,omit_KY_TAGCAGTAAGTGCAACGAT,0.059047619047619015,False
ACH-000291,OV-90,Ovary,MSS,False,omit_KY_TAGCATGAGTCTATCAGAT,0.2590476190476191,True
ACH-000291,OV-90,Ovary,MSS,False,omit_KY_TGGAGTTACGTATACAATC,0.059047619047619015,False
ACH-000308,EFO-21,Ovary,MSS,False,baseline,0.16,False
ACH-000308,EFO-21,Ovary,MSS,False,omit_Avana_AGAAAACCTCAATAGTGGCA,0.16,False
ACH-000308,EFO-21,Ovary,MSS,False,omit_Avana_CTAACATTGAGACTGAACTG,0.26857142857142857,True
ACH-000308,EFO-21,Ovary,MSS,False,omit_Avana_GTAGCAGTAAGTGCAACGAT,0.16,False
ACH-000308,EFO-21,Ovary,MSS,False,omit_Avana_TCTTCCATCAGAGAAATAAG,0.1257142857142857,False
ACH-000308,EFO-21,Ovary,MSS,False,omit_KY_GCACGTACATAAGCATCAG,0.12,False
ACH-000308,EFO-21,Ovary,MSS,False,omit_KY_GTCTATCCGCTGTAGCAAT,0.16,False
ACH-000308,EFO-21,Ovary,MSS,False,omit_KY_TAGCAGTAAGTGCAACGAT,0.16,False
ACH-000308,EFO-21,Ovary,MSS,False,omit_KY_TAGCATGAGTCTATCAGAT,0.2,False
ACH-000308,EFO-21,Ovary,MSS,False,omit_KY_TGGAGTTACGTATACAATC,0.16,False
ACH-000524,KURAMOCHI,Ovary,MSS,False,baseline,0.22666666666666674,False
ACH-000524,KURAMOCHI,Ovary,MSS,False,omit_Avana_AGAAAACCTCAATAGTGGCA,0.08380952380952389,False
ACH-000524,KURAMOCHI,Ovary,MSS,False,omit_Avana_CTAACATTGAGACTGAACTG,0.27428571428571435,True
ACH-000524,KURAMOCHI,Ovary,MSS,False,omit_Avana_GTAGCAGTAAGTGCAACGAT,0.22666666666666674,False
ACH-000524,KURAMOCHI,Ovary,MSS,False,omit_Avana_TCTTCCATCAGAGAAATAAG,0.1314285714285715,False
ACH-000524,KURAMOCHI,Ovary,MSS,False,omit_KY_GCACGTACATAAGCATCAG,0.10666666666666669,False
ACH-000524,KURAMOCHI,Ovary,MSS,False,omit_KY_GTCTATCCGCTGTAGCAAT,0.22666666666666674,False
ACH-000524,KURAMOCHI,Ovary,MSS,False,omit_KY_TAGCAGTAAGTGCAACGAT,0.4266666666666667,True
ACH-000524,KURAMOCHI,Ovary,MSS,False,omit_KY_TAGCATGAGTCTATCAGAT,0.22666666666666674,False
ACH-000524,KURAMOCHI,Ovary,MSS,False,omit_KY_TGGAGTTACGTATACAATC,0.26666666666666666,True
ACH-000527,OVISE,Ovary,MSS,True,baseline,0.4895238095238096,True
ACH-000527,OVISE,Ovary,MSS,True,omit_Avana_AGAAAACCTCAATAGTGGCA,0.39428571428571435,True
ACH-000527,OVISE,Ovary,MSS,True,omit_Avana_CTAACATTGAGACTGAACTG,0.6323809523809525,True
ACH-000527,OVISE,Ovary,MSS,True,omit_Avana_GTAGCAGTAAGTGCAACGAT,0.5371428571428571,True
ACH-000527,OVISE,Ovary,MSS,True,omit_Avana_TCTTCCATCAGAGAAATAAG,0.44190476190476197,True
ACH-000527,OVISE,Ovary,MSS,True,omit_KY_GCACGTACATAAGCATCAG,0.4895238095238096,True
ACH-000527,OVISE,Ovary,MSS,True,omit_KY_GTCTATCCGCTGTAGCAAT,0.5295238095238095,True
ACH-000527,OVISE,Ovary,MSS,True,omit_KY_TAGCAGTAAGTGCAACGAT,0.4095238095238095,True
ACH-000527,OVISE,Ovary,MSS,True,omit_KY_TAGCATGAGTCTATCAGAT,0.5295238095238095,True
ACH-000527,OVISE,Ovary,MSS,True,omit_KY_TGGAGTTACGTATACAATC,0.44952380952380955,True
ACH-000584,JHOS-4,Ovary,MSS,False,baseline,0.08952380952380956,False
ACH-000584,JHOS-4,Ovary,MSS,False,omit_Avana_AGAAAACCTCAATAGTGGCA,0.2914285714285714,True
ACH-000584,JHOS-4,Ovary,MSS,False,omit_Avana_CTAACATTGAGACTGAACTG,0.1847619047619048,False
ACH-000584,JHOS-4,Ovary,MSS,False,omit_Avana_GTAGCAGTAAGTGCAACGAT,0.1009523809523809,False
ACH-000584,JHOS-4,Ovary,MSS,False,omit_Avana_TCTTCCATCAGAGAAATAAG,0.08952380952380956,False
ACH-000584,JHOS-4,Ovary,MSS,False,omit_KY_GCACGTACATAAGCATCAG,0.16952380952380952,False
ACH-000584,JHOS-4,Ovary,MSS,False,omit_KY_GTCTATCCGCTGTAGCAAT,0.12952380952380949,False
ACH-000584,JHOS-4,Ovary,MSS,False,omit_KY_TAGCAGTAAGTGCAACGAT,0.12952380952380949,False
ACH-000584,JHOS-4,Ovary,MSS,False,omit_KY_TAGCATGAGTCTATCAGAT,0.12952380952380949,False
ACH-000584,JHOS-4,Ovary,MSS,False,omit_KY_TGGAGTTACGTATACAATC,0.08952380952380956,False
ACH-000657,A2780,Ovary,MSI,True,baseline,0.7447619047619047,True
ACH-000657,A2780,Ovary,MSI,True,omit_Avana_AGAAAACCTCAATAGTGGCA,0.7447619047619047,True
ACH-000657,A2780,Ovary,MSI,True,omit_Avana_CTAACATTGAGACTGAACTG,0.6019047619047619,True
ACH-000657,A2780,Ovary,MSI,True,omit_Avana_GTAGCAGTAAGTGCAACGAT,0.7447619047619047,True
ACH-000657,A2780,Ovary,MSI,True,omit_Avana_TCTTCCATCAGAGAAATAAG,0.7923809523809524,True
ACH-000657,A2780,Ovary,MSI,True,omit_KY_GCACGTACATAAGCATCAG,0.7047619047619048,True
ACH-000657,A2780,Ovary,MSI,True,omit_KY_GTCTATCCGCTGTAGCAAT,0.7447619047619047,True
ACH-000657,A2780,Ovary,MSI,True,omit_KY_TAGCAGTAAGTGCAACGAT,0.4247619047619048,True
ACH-000657,A2780,Ovary,MSI,True,omit_KY_TAGCATGAGTCTATCAGAT,0.7447619047619047,True
ACH-000657,A2780,Ovary,MSI,True,omit_KY_TGGAGTTACGTATACAATC,0.4247619047619048,True
ACH-000696,OVCAR-8,Ovary,MSS,True,baseline,0.40190476190476193,True
ACH-000696,OVCAR-8,Ovary,MSS,True,omit_Avana_AGAAAACCTCAATAGTGGCA,0.40190476190476193,True
ACH-000696,OVCAR-8,Ovary,MSS,True,omit_Avana_CTAACATTGAGACTGAACTG,0.44952380952380955,True
ACH-000696,OVCAR-8,Ovary,MSS,True,omit_Avana_GTAGCAGTAAGTGCAACGAT,0.3542857142857143,True
ACH-000696,OVCAR-8,Ovary,MSS,True,omit_Avana_TCTTCCATCAGAGAAATAAG,0.44952380952380955,True
ACH-000696,OVCAR-8,Ovary,MSS,True,omit_KY_GCACGTACATAAGCATCAG,0.3619047619047619,True
ACH-000696,OVCAR-8,Ovary,MSS,True,omit_KY_GTCTATCCGCTGTAGCAAT,0.3619047619047619,True
ACH-000696,OVCAR-8,Ovary,MSS,True,omit_KY_TAGCAGTAAGTGCAACGAT,0.5619047619047619,True
ACH-000696,OVCAR-8,Ovary,MSS,True,omit_KY_TAGCATGAGTCTATCAGAT,0.40190476190476193,True
ACH-000696,OVCAR-8,Ovary,MSS,True,omit_KY_TGGAGTTACGTATACAATC,0.5619047619047619,True
ACH-000719,RMG-I,Ovary,MSS,False,baseline,0.24190476190476184,False
ACH-000719,RMG-I,Ovary,MSS,False,omit_Avana_AGAAAACCTCAATAGTGGCA,0.24190476190476184,False
ACH-000719,RMG-I,Ovary,MSS,False,omit_Avana_CTAACATTGAGACTGAACTG,0.19428571428571428,False
ACH-000719,RMG-I,Ovary,MSS,False,omit_Avana_GTAGCAGTAAGTGCAACGAT,0.2895238095238095,True
ACH-000719,RMG-I,Ovary,MSS,False,omit_Avana_TCTTCCATCAGAGAAATAAG,0.19428571428571428,False
ACH-000719,RMG-I,Ovary,MSS,False,omit_KY_GCACGTACATAAGCATCAG,0.24190476190476184,False
ACH-000719,RMG-I,Ovary,MSS,False,omit_KY_GTCTATCCGCTGTAGCAAT,0.48190476190476184,True
ACH-000719,RMG-I,Ovary,MSS,False,omit_KY_TAGCAGTAAGTGCAACGAT,0.36190476190476184,True
ACH-000719,RMG-I,Ovary,MSS,False,omit_KY_TAGCATGAGTCTATCAGAT,0.36190476190476184,True
ACH-000719,RMG-I,Ovary,MSS,False,omit_KY_TGGAGTTACGTATACAATC,0.32190476190476186,True
ACH-000885,TOV-21G,Ovary,MSI,False,baseline,0.007619047619047636,False
ACH-000885,TOV-21G,Ovary,MSI,False,omit_Avana_AGAAAACCTCAATAGTGGCA,0.007619047619047636,False
ACH-000885,TOV-21G,Ovary,MSI,False,omit_Avana_CTAACATTGAGACTGAACTG,0.007619047619047636,False
ACH-000885,TOV-21G,Ovary,MSI,False,omit_Avana_GTAGCAGTAAGTGCAACGAT,0.007619047619047636,False
ACH-000885,TOV-21G,Ovary,MSI,False,omit_Avana_TCTTCCATCAGAGAAATAAG,0.007619047619047636,False
ACH-000885,TOV-21G,Ovary,MSI,False,omit_KY_GCACGTACATAAGCATCAG,0.007619047619047636,False
ACH-000885,TOV-21G,Ovary,MSI,False,omit_KY_GTCTATCCGCTGTAGCAAT,0.03238095238095229,False
ACH-000885,TOV-21G,Ovary,MSI,False,omit_KY_TAGCAGTAAGTGCAACGAT,0.007619047619047636,False
ACH-000885,TOV-21G,Ovary,MSI,False,omit_KY_TAGCATGAGTCTATCAGAT,0.03238095238095229,False
ACH-000885,TOV-21G,Ovary,MSI,False,omit_KY_TGGAGTTACGTATACAATC,0.007619047619047636,False
ACH-000906,ES-2,Ovary,MSS,False,baseline,0.23428571428571432,False
ACH-000906,ES-2,Ovary,MSS,False,omit_Avana_AGAAAACCTCAATAGTGGCA,0.1390476190476191,False
ACH-000906,ES-2,Ovary,MSS,False,omit_Avana_CTAACATTGAGACTGAACTG,0.18666666666666665,False
ACH-000906,ES-2,Ovary,MSS,False,omit_Avana_GTAGCAGTAAGTGCAACGAT,0.2819047619047619,True
ACH-000906,ES-2,Ovary,MSS,False,omit_Avana_TCTTCCATCAGAGAAATAAG,0.043809523809523854,False
ACH-000906,ES-2,Ovary,MSS,False,omit_KY_GCACGTACATAAGCATCAG,0.15428571428571425,False
ACH-000906,ES-2,Ovary,MSS,False,omit_KY_GTCTATCCGCTGTAGCAAT,0.2742857142857143,True
ACH-000906,ES-2,Ovary,MSS,False,omit_KY_TAGCAGTAAGTGCAACGAT,0.23428571428571432,False
ACH-000906,ES-2,Ovary,MSS,False,omit_KY_TAGCATGAGTCTATCAGAT,0.19428571428571428,False
ACH-000906,ES-2,Ovary,MSS,False,omit_KY_TGGAGTTACGTATACAATC,0.23428571428571432,False
ACH-000936,EFO-27,Ovary,MSI,True,baseline,0.2571428571428571,True
ACH-000936,EFO-27,Ovary,MSI,True,omit_Avana_AGAAAACCTCAATAGTGGCA,0.2571428571428571,True
ACH-000936,EFO-27,Ovary,MSI,True,omit_Avana_CTAACATTGAGACTGAACTG,0.20952380952380956,False
ACH-000936,EFO-27,Ovary,MSI,True,omit_Avana_GTAGCAGTAAGTGCAACGAT,0.2571428571428571,True
ACH-000936,EFO-27,Ovary,MSI,True,omit_Avana_TCTTCCATCAGAGAAATAAG,0.2571428571428571,True
ACH-000936,EFO-27,Ovary,MSI,True,omit_KY_GCACGTACATAAGCATCAG,0.09714285714285709,False
ACH-000936,EFO-27,Ovary,MSI,True,omit_KY_GTCTATCCGCTGTAGCAAT,0.21714285714285708,False
ACH-000936,EFO-27,Ovary,MSI,True,omit_KY_TAGCAGTAAGTGCAACGAT,0.13714285714285712,False
ACH-000936,EFO-27,Ovary,MSI,True,omit_KY_TAGCATGAGTCTATCAGAT,0.09714285714285709,False
ACH-000936,EFO-27,Ovary,MSI,True,omit_KY_TGGAGTTACGTATACAATC,0.09714285714285709,False
ACH-000947,OVK-18,Ovary,MSI,False,baseline,0.12,False
ACH-000947,OVK-18,Ovary,MSI,False,omit_Avana_AGAAAACCTCAATAGTGGCA,0.12,False
ACH-000947,OVK-18,Ovary,MSI,False,omit_Avana_CTAACATTGAGACTGAACTG,0.12,False
ACH-000947,OVK-18,Ovary,MSI,False,omit_Avana_GTAGCAGTAAGTGCAACGAT,0.12,False
ACH-000947,OVK-18,Ovary,MSI,False,omit_Avana_TCTTCCATCAGAGAAATAAG,0.12,False
ACH-000947,OVK-18,Ovary,MSI,False,omit_KY_GCACGTACATAAGCATCAG,0.12,False
ACH-000947,OVK-18,Ovary,MSI,False,omit_KY_GTCTATCCGCTGTAGCAAT,0.12,False
ACH-000947,OVK-18,Ovary,MSI,False,omit_KY_TAGCAGTAAGTGCAACGAT,0.12,False
ACH-000947,OVK-18,Ovary,MSI,False,omit_KY_TAGCATGAGTCTATCAGAT,0.12,False
ACH-000947,OVK-18,Ovary,MSI,False,omit_KY_TGGAGTTACGTATACAATC,0.07999999999999996,False
ACH-001151,OVCAR-5,Ovary,MSS,True,baseline,0.28380952380952384,True
ACH-001151,OVCAR-5,Ovary,MSS,True,omit_Avana_AGAAAACCTCAATAGTGGCA,0.23619047619047617,False
ACH-001151,OVCAR-5,Ovary,MSS,True,omit_Avana_CTAACATTGAGACTGAACTG,0.1885714285714286,False
ACH-001151,OVCAR-5,Ovary,MSS,True,omit_Avana_GTAGCAGTAAGTGCAACGAT,0.1885714285714286,False
ACH-001151,OVCAR-5,Ovary,MSS,True,omit_Avana_TCTTCCATCAGAGAAATAAG,0.3790476190476191,True
ACH-001151,OVCAR-5,Ovary,MSS,True,omit_KY_GCACGTACATAAGCATCAG,0.2438095238095238,False
ACH-001151,OVCAR-5,Ovary,MSS,True,omit_KY_GTCTATCCGCTGTAGCAAT,0.28380952380952384,True
ACH-001151,OVCAR-5,Ovary,MSS,True,omit_KY_TAGCAGTAAGTGCAACGAT,0.16380952380952385,False
ACH-001151,OVCAR-5,Ovary,MSS,True,omit_KY_TAGCATGAGTCTATCAGAT,0.3238095238095239,True
ACH-001151,OVCAR-5,Ovary,MSS,True,omit_KY_TGGAGTTACGTATACAATC,0.20380952380952388,False
ACH-001418,UWB1.289,Ovary,MSS,True,baseline,0.3466666666666666,True
ACH-001418,UWB1.289,Ovary,MSS,True,omit_Avana_AGAAAACCTCAATAGTGGCA,0.2514285714285714,True
ACH-001418,UWB1.289,Ovary,MSS,True,omit_Avana_CTAACATTGAGACTGAACTG,0.29904761904761906,True
ACH-001418,UWB1.289,Ovary,MSS,True,omit_Avana_GTAGCAGTAAGTGCAACGAT,0.3942857142857143,True
ACH-001418,UWB1.289,Ovary,MSS,True,omit_Avana_TCTTCCATCAGAGAAATAAG,0.15619047619047616,False
ACH-001418,UWB1.289,Ovary,MSS,True,omit_KY_GCACGTACATAAGCATCAG,0.2666666666666666,True
ACH-001418,UWB1.289,Ovary,MSS,True,omit_KY_GTCTATCCGCTGTAGCAAT,0.18666666666666665,False
ACH-001418,UWB1.289,Ovary,MSS,True,omit_KY_TAGCAGTAAGTGCAACGAT,0.3866666666666666,True
ACH-001418,UWB1.289,Ovary,MSS,True,omit_KY_TAGCATGAGTCTATCAGAT,0.22666666666666663,False
ACH-001418,UWB1.289,Ovary,MSS,True,omit_KY_TGGAGTTACGTATACAATC,0.3466666666666666,True
ACH-001630,PEO1,Ovary,MSS,False,baseline,0.10476190476190472,False
ACH-001630,PEO1,Ovary,MSS,False,omit_Avana_AGAAAACCTCAATAGTGGCA,0.10476190476190472,False
ACH-001630,PEO1,Ovary,MSS,False,omit_Avana_CTAACATTGAGACTGAACTG,0.05714285714285705,False
ACH-001630,PEO1,Ovary,MSS,False,omit_Avana_GTAGCAGTAAGTGCAACGAT,0.10476190476190472,False
ACH-001630,PEO1,Ovary,MSS,False,omit_Avana_TCTTCCATCAGAGAAATAAG,0.10476190476190472,False
ACH-001630,PEO1,Ovary,MSS,False,omit_KY_GCACGTACATAAGCATCAG,0.0647619047619048,False
ACH-001630,PEO1,Ovary,MSS,False,omit_KY_GTCTATCCGCTGTAGCAAT,0.10476190476190472,False
ACH-001630,PEO1,Ovary,MSS,False,omit_KY_TAGCAGTAAGTGCAACGAT,0.0647619047619048,False
ACH-001630,PEO1,Ovary,MSS,False,omit_KY_TAGCATGAGTCTATCAGAT,0.3047619047619048,True
ACH-001630,PEO1,Ovary,MSS,False,omit_KY_TGGAGTTACGTATACAATC,0.0647619047619048,False
