pair_id,source,model_id,lineage,status,target_score
ARID1A_to_ARID1B,Avana,ACH-000004,Myeloid,intact,-0.5013167887793166
ARID1A_to_ARID1B,Avana,ACH-000005,Myeloid,intact,-0.05381952957138393
ARID1A_to_ARID1B,Avana,ACH-000007,Bowel,intact,-0.44216304728159667
ARID1A_to_ARID1B,Avana,ACH-000009,Bowel,intact,0.08238174240204782
ARID1A_to_ARID1B,Avana,ACH-000011,Bladder/Urinary Tract,intact,-0.057481987626391506
ARID1A_to_ARID1B,Avana,ACH-000012,Lung,intact,-0.05455415426050238
ARID1A_to_ARID1B,Avana,ACH-000013,Ovary/Fallopian Tube,intact,0.051052504721127434
ARID1A_to_ARID1B,Avana,ACH-000015,Lung,intact,-0.1247540816756816
ARID1A_to_ARID1B,Avana,ACH-000017,Breast,intact,-0.2300395036730794
ARID1A_to_ARID1B,Avana,ACH-000018,Bladder/Urinary Tract,intact,-0.21199913811063587
ARID1A_to_ARID1B,Avana,ACH-000019,Breast,intact,0.09377139149105093
ARID1A_to_ARID1B,Avana,ACH-000021,Lung,intact,-0.28007235995038415
ARID1A_to_ARID1B,Avana,ACH-000022,Pancreas,intact,0.09970531702235161
ARID1A_to_ARID1B,Avana,ACH-000024,Lymphoid,intact,0.18443369546833957
ARID1A_to_ARID1B,Avana,ACH-000025,CNS/Brain,intact,-0.060201422429543974
ARID1A_to_ARID1B,Avana,ACH-000028,Breast,intact,0.11665583389232911
ARID1A_to_ARID1B,Avana,ACH-000029,Lung,intact,-0.17763190603024506
ARID1A_to_ARID1B,Avana,ACH-000030,Lung,intact,-0.13698252514428902
ARID1A_to_ARID1B,Avana,ACH-000035,Lung,intact,-0.02806325914015912
ARID1A_to_ARID1B,Avana,ACH-000036,CNS/Brain,intact,0.12796423061484452
ARID1A_to_ARID1B,Avana,ACH-000037,Soft Tissue,intact,0.06424592774308119
ARID1A_to_ARID1B,Avana,ACH-000039,Bone,intact,-0.07082182908136048
ARID1A_to_ARID1B,Avana,ACH-000040,CNS/Brain,intact,-0.3451852739515151
ARID1A_to_ARID1B,Avana,ACH-000041,Bone,intact,-0.35733939431194595
ARID1A_to_ARID1B,Avana,ACH-000042,Pancreas,intact,0.3850083451604177
ARID1A_to_ARID1B,Avana,ACH-000045,Myeloid,intact,-0.2357925650086978
ARID1A_to_ARID1B,Avana,ACH-000047,Esophagus/Stomach,intact,0.12128382900846141
ARID1A_to_ARID1B,Avana,ACH-000048,Ovary/Fallopian Tube,intact,0.0029223021069340396
ARID1A_to_ARID1B,Avana,ACH-000052,Bone,intact,-0.04491467034872134
ARID1A_to_ARID1B,Avana,ACH-000053,Lymphoid,intact,-0.1534725657488374
ARID1A_to_ARID1B,Avana,ACH-000054,Soft Tissue,intact,-0.06384038042609205
ARID1A_to_ARID1B,Avana,ACH-000055,CNS/Brain,intact,-0.771368909151674
ARID1A_to_ARID1B,Avana,ACH-000060,Pancreas,intact,0.260771608009518
ARID1A_to_ARID1B,Avana,ACH-000067,CNS/Brain,intact,-0.7145230306313797
ARID1A_to_ARID1B,Avana,ACH-000070,Lymphoid,intact,-0.15477005031204885
ARID1A_to_ARID1B,Avana,ACH-000074,Myeloid,intact,-0.6344842690620016
ARID1A_to_ARID1B,Avana,ACH-000075,CNS/Brain,intact,-0.08977828750231794
ARID1A_to_ARID1B,Avana,ACH-000076,Myeloid,intact,-0.1781881591635574
ARID1A_to_ARID1B,Avana,ACH-000077,Lymphoid,intact,-0.3042082541475649
ARID1A_to_ARID1B,Avana,ACH-000078,Peripheral Nervous System,intact,-0.5007991339080342
ARID1A_to_ARID1B,Avana,ACH-000082,Bone,intact,0.11852496466411232
ARID1A_to_ARID1B,Avana,ACH-000085,Pancreas,intact,-0.1850391691197482
ARID1A_to_ARID1B,Avana,ACH-000086,Pleura,intact,-0.1329514658645305
ARID1A_to_ARID1B,Avana,ACH-000090,Prostate,intact,0.10517016725050289
ARID1A_to_ARID1B,Avana,ACH-000092,Pleura,intact,-0.38440650756619776
ARID1A_to_ARID1B,Avana,ACH-000093,Pancreas,intact,-0.25610217182209066
ARID1A_to_ARID1B,Avana,ACH-000095,CNS/Brain,intact,-0.18872582112555653
ARID1A_to_ARID1B,Avana,ACH-000097,Breast,intact,0.3121483700545485
ARID1A_to_ARID1B,Avana,ACH-000098,CNS/Brain,intact,-0.1477872083285311
ARID1A_to_ARID1B,Avana,ACH-000099,Peripheral Nervous System,intact,0.3858427786923808
ARID1A_to_ARID1B,Avana,ACH-000101,Lymphoid,intact,-0.4218801062811752
ARID1A_to_ARID1B,Avana,ACH-000108,Pancreas,damaging,-0.8144299489277079
ARID1A_to_ARID1B,Avana,ACH-000111,Breast,intact,0.1255653556910244
ARID1A_to_ARID1B,Avana,ACH-000113,Myeloid,intact,0.03940525482201798
ARID1A_to_ARID1B,Avana,ACH-000114,Pancreas,intact,-0.2633388577003606
ARID1A_to_ARID1B,Avana,ACH-000115,Prostate,intact,-0.08192019793520977
ARID1A_to_ARID1B,Avana,ACH-000118,Pancreas,intact,0.023905837882993417
ARID1A_to_ARID1B,Avana,ACH-000120,Peripheral Nervous System,intact,-0.02233869043383549
ARID1A_to_ARID1B,Avana,ACH-000123,Ovary/Fallopian Tube,intact,0.020280626617377073
ARID1A_to_ARID1B,Avana,ACH-000127,Bladder/Urinary Tract,intact,-0.5322444167251038
ARID1A_to_ARID1B,Avana,ACH-000128,CNS/Brain,intact,-0.3620562008623871
ARID1A_to_ARID1B,Avana,ACH-000132,Ovary/Fallopian Tube,intact,-0.4818727175516208
ARID1A_to_ARID1B,Avana,ACH-000133,Soft Tissue,intact,-0.2858668078881192
ARID1A_to_ARID1B,Avana,ACH-000137,CNS/Brain,intact,-0.0919663402699307
ARID1A_to_ARID1B,Avana,ACH-000138,Pancreas,intact,-0.10558286264562977
ARID1A_to_ARID1B,Avana,ACH-000141,Biliary Tract,intact,-0.04823652911591993
ARID1A_to_ARID1B,Avana,ACH-000142,Bladder/Urinary Tract,intact,0.23969881433528345
ARID1A_to_ARID1B,Avana,ACH-000143,Lung,intact,-0.1928669529286942
ARID1A_to_ARID1B,Avana,ACH-000145,Soft Tissue,intact,-0.1704604921874117
ARID1A_to_ARID1B,Avana,ACH-000146,Myeloid,intact,-0.15197043285494866
ARID1A_to_ARID1B,Avana,ACH-000147,Breast,damaging,-0.769345257036257
ARID1A_to_ARID1B,Avana,ACH-000148,Breast,intact,-0.0006201086508367034
ARID1A_to_ARID1B,Avana,ACH-000151,Lymphoid,intact,0.06124989619366641
ARID1A_to_ARID1B,Avana,ACH-000152,CNS/Brain,intact,0.13215528572052765
ARID1A_to_ARID1B,Avana,ACH-000153,Pleura,intact,-0.5328923474332017
ARID1A_to_ARID1B,Avana,ACH-000159,Kidney,intact,0.04466355227354164
ARID1A_to_ARID1B,Avana,ACH-000160,CNS/Brain,intact,-0.1606157868313916
ARID1A_to_ARID1B,Avana,ACH-000161,Lung,intact,-0.053359854557855094
ARID1A_to_ARID1B,Avana,ACH-000163,Head and Neck,intact,-0.1369332655664289
ARID1A_to_ARID1B,Avana,ACH-000164,Pancreas,intact,0.026984699291718046
ARID1A_to_ARID1B,Avana,ACH-000168,Myeloid,intact,0.07165208384859759
ARID1A_to_ARID1B,Avana,ACH-000169,Soft Tissue,intact,-0.08629885439451046
ARID1A_to_ARID1B,Avana,ACH-000174,Thyroid,intact,0.6215302983704216
ARID1A_to_ARID1B,Avana,ACH-000178,Pancreas,damaging,-0.8918575518838946
ARID1A_to_ARID1B,Avana,ACH-000182,Ampulla of Vater,intact,-0.09917831713188281
ARID1A_to_ARID1B,Avana,ACH-000183,Lymphoid,intact,-0.4780834857886932
ARID1A_to_ARID1B,Avana,ACH-000187,Lung,intact,-0.4988912390046609
ARID1A_to_ARID1B,Avana,ACH-000188,Head and Neck,intact,0.023735136388348343
ARID1A_to_ARID1B,Avana,ACH-000189,Kidney,intact,-0.03356124160749824
ARID1A_to_ARID1B,Avana,ACH-000190,Myeloid,intact,-0.002634915572228641
ARID1A_to_ARID1B,Avana,ACH-000191,Thyroid,intact,-0.16898451726569313
ARID1A_to_ARID1B,Avana,ACH-000195,Myeloid,intact,-0.28765410712871864
ARID1A_to_ARID1B,Avana,ACH-000198,Myeloid,intact,-0.28185561483188204
ARID1A_to_ARID1B,Avana,ACH-000200,CNS/Brain,intact,-0.07645921896536137
ARID1A_to_ARID1B,Avana,ACH-000202,Bowel,intact,-0.04106840635092413
ARID1A_to_ARID1B,Avana,ACH-000204,Lymphoid,intact,0.14364738606657967
ARID1A_to_ARID1B,Avana,ACH-000206,Lymphoid,intact,-0.275603661460258
ARID1A_to_ARID1B,Avana,ACH-000207,Head and Neck,intact,-0.16980842346120145
ARID1A_to_ARID1B,Avana,ACH-000209,Biliary Tract,intact,0.31104578652808723
ARID1A_to_ARID1B,Avana,ACH-000211,CNS/Brain,intact,-0.6224476424110899
ARID1A_to_ARID1B,Avana,ACH-000212,Breast,intact,-0.2968691013248677
ARID1A_to_ARID1B,Avana,ACH-000215,CNS/Brain,intact,-0.16407964016626775
ARID1A_to_ARID1B,Avana,ACH-000216,Esophagus/Stomach,intact,0.028729089453428953
ARID1A_to_ARID1B,Avana,ACH-000217,Liver,intact,-0.048965433085466636
ARID1A_to_ARID1B,Avana,ACH-000219,Skin,intact,-0.2763933512358798
ARID1A_to_ARID1B,Avana,ACH-000221,Liver,intact,0.0493651839597051
ARID1A_to_ARID1B,Avana,ACH-000222,Pancreas,intact,-0.18402527826323944
ARID1A_to_ARID1B,Avana,ACH-000223,Breast,intact,-0.21079720196821103
ARID1A_to_ARID1B,Avana,ACH-000226,Lymphoid,intact,0.08750039547725344
ARID1A_to_ARID1B,Avana,ACH-000227,Peripheral Nervous System,intact,-0.09249541376896211
ARID1A_to_ARID1B,Avana,ACH-000228,Head and Neck,intact,0.11357952665083863
ARID1A_to_ARID1B,Avana,ACH-000231,CNS/Brain,intact,-0.1287227681817043
ARID1A_to_ARID1B,Avana,ACH-000232,CNS/Brain,intact,-0.22172857151202624
ARID1A_to_ARID1B,Avana,ACH-000233,Lymphoid,intact,0.11573175387560704
ARID1A_to_ARID1B,Avana,ACH-000234,Kidney,intact,0.07356490792943711
ARID1A_to_ARID1B,Avana,ACH-000235,Pancreas,intact,0.3893266169730978
ARID1A_to_ARID1B,Avana,ACH-000237,Ovary/Fallopian Tube,intact,-0.09963146094593556
ARID1A_to_ARID1B,Avana,ACH-000238,Head and Neck,intact,-0.17524419184125328
ARID1A_to_ARID1B,Avana,ACH-000243,Pancreas,intact,-0.20758763112984527
ARID1A_to_ARID1B,Avana,ACH-000244,CNS/Brain,intact,-0.008504380528035538
ARID1A_to_ARID1B,Avana,ACH-000246,Kidney,intact,-0.09822207615387508
ARID1A_to_ARID1B,Avana,ACH-000247,Esophagus/Stomach,damaging,-1.5844995561296922
ARID1A_to_ARID1B,Avana,ACH-000248,Breast,intact,-0.08196427221608127
ARID1A_to_ARID1B,Avana,ACH-000250,Kidney,intact,-0.1684370960709527
ARID1A_to_ARID1B,Avana,ACH-000251,Lung,intact,0.14865785722677533
ARID1A_to_ARID1B,Avana,ACH-000252,Bowel,intact,-0.3038953729405526
ARID1A_to_ARID1B,Avana,ACH-000253,Bowel,intact,0.17497952742587147
ARID1A_to_ARID1B,Avana,ACH-000255,Esophagus/Stomach,intact,-0.11246055762545654
ARID1A_to_ARID1B,Avana,ACH-000256,Ovary/Fallopian Tube,intact,0.26204682609092794
ARID1A_to_ARID1B,Avana,ACH-000257,Lung,intact,-0.1266380578733903
ARID1A_to_ARID1B,Avana,ACH-000258,Breast,intact,-0.2975521200329161
ARID1A_to_ARID1B,Avana,ACH-000259,Peripheral Nervous System,intact,-0.044453620125051614
ARID1A_to_ARID1B,Avana,ACH-000260,Peripheral Nervous System,intact,0.04118675529720703
ARID1A_to_ARID1B,Avana,ACH-000261,Lung,intact,-0.22278934964764516
ARID1A_to_ARID1B,Avana,ACH-000262,Kidney,intact,-0.11638318243841059
ARID1A_to_ARID1B,Avana,ACH-000263,Myeloid,intact,0.14520976502392013
ARID1A_to_ARID1B,Avana,ACH-000264,Lung,intact,-0.3029809379039264
ARID1A_to_ARID1B,Avana,ACH-000265,Pancreas,intact,-0.08015969996524815
ARID1A_to_ARID1B,Avana,ACH-000266,Pancreas,intact,-0.02652129051739619
ARID1A_to_ARID1B,Avana,ACH-000272,Kidney,intact,0.402861438938499
ARID1A_to_ARID1B,Avana,ACH-000273,CNS/Brain,intact,-0.04810160365683871
ARID1A_to_ARID1B,Avana,ACH-000274,Skin,intact,-0.027752658861061714
ARID1A_to_ARID1B,Avana,ACH-000276,Breast,intact,0.36748058604370537
ARID1A_to_ARID1B,Avana,ACH-000277,Breast,intact,-0.16595384436029015
ARID1A_to_ARID1B,Avana,ACH-000278,Ovary/Fallopian Tube,intact,-0.37003041822144056
ARID1A_to_ARID1B,Avana,ACH-000279,Bone,intact,-0.07755191254084441
ARID1A_to_ARID1B,Avana,ACH-000280,Ovary/Fallopian Tube,intact,0.3899895512690481
ARID1A_to_ARID1B,Avana,ACH-000281,Pancreas,intact,0.1826252964894458
ARID1A_to_ARID1B,Avana,ACH-000286,Bowel,intact,0.1556161788498751
ARID1A_to_ARID1B,Avana,ACH-000288,Breast,intact,-0.013919225012918812
ARID1A_to_ARID1B,Avana,ACH-000290,Lung,intact,-0.19866161762728554
ARID1A_to_ARID1B,Avana,ACH-000291,Ovary/Fallopian Tube,intact,0.4981428086301828
ARID1A_to_ARID1B,Avana,ACH-000292,Lung,intact,-0.2198196770239297
ARID1A_to_ARID1B,Avana,ACH-000293,Uterus,intact,-0.07400176721820853
ARID1A_to_ARID1B,Avana,ACH-000294,Myeloid,intact,-0.03078324007030865
ARID1A_to_ARID1B,Avana,ACH-000295,Myeloid,intact,-0.05639087681170411
ARID1A_to_ARID1B,Avana,ACH-000296,Bowel,intact,-0.2829859738468868
ARID1A_to_ARID1B,Avana,ACH-000302,Uterus,intact,0.011731777525170075
ARID1A_to_ARID1B,Avana,ACH-000303,Esophagus/Stomach,intact,-0.006343867605846973
ARID1A_to_ARID1B,Avana,ACH-000304,Skin,intact,0.21499404702706498
ARID1A_to_ARID1B,Avana,ACH-000305,Esophagus/Stomach,intact,0.12463597368451292
ARID1A_to_ARID1B,Avana,ACH-000307,Pancreas,intact,0.11610130013482986
ARID1A_to_ARID1B,Avana,ACH-000308,Ovary/Fallopian Tube,intact,0.15816278598197664
ARID1A_to_ARID1B,Avana,ACH-000310,Peripheral Nervous System,intact,-0.3719705627990247
ARID1A_to_ARID1B,Avana,ACH-000311,Lung,intact,0.05183201491684895
ARID1A_to_ARID1B,Avana,ACH-000312,Peripheral Nervous System,intact,-0.023280312892933867
ARID1A_to_ARID1B,Avana,ACH-000313,Kidney,intact,-0.1434543181991713
ARID1A_to_ARID1B,Avana,ACH-000315,Lymphoid,damaging,-1.3159076919167947
ARID1A_to_ARID1B,Avana,ACH-000316,Liver,intact,-0.04420061654591745
ARID1A_to_ARID1B,Avana,ACH-000317,Kidney,intact,-0.4874615019845193
ARID1A_to_ARID1B,Avana,ACH-000318,Esophagus/Stomach,intact,0.23203174985087124
ARID1A_to_ARID1B,Avana,ACH-000319,Pleura,intact,-0.02293612081560878
ARID1A_to_ARID1B,Avana,ACH-000320,Pancreas,damaging,-0.12575606270035605
ARID1A_to_ARID1B,Avana,ACH-000322,Skin,intact,0.29676901081398055
ARID1A_to_ARID1B,Avana,ACH-000323,CNS/Brain,intact,0.14108586902130466
ARID1A_to_ARID1B,Avana,ACH-000324,Ovary/Fallopian Tube,intact,-0.22515634979440405
ARID1A_to_ARID1B,Avana,ACH-000325,Esophagus/Stomach,intact,0.07389972727696696
ARID1A_to_ARID1B,Avana,ACH-000326,Myeloid,intact,-0.6691003892973069
ARID1A_to_ARID1B,Avana,ACH-000329,CNS/Brain,intact,-0.2576759531292119
ARID1A_to_ARID1B,Avana,ACH-000330,Breast,intact,-0.29805387923618243
ARID1A_to_ARID1B,Avana,ACH-000331,Pleura,intact,0.14307771487924276
ARID1A_to_ARID1B,Avana,ACH-000332,Pancreas,intact,0.043522995556288926
ARID1A_to_ARID1B,Avana,ACH-000334,Lymphoid,intact,0.19599256875793797
ARID1A_to_ARID1B,Avana,ACH-000335,Pleura,intact,0.15300344650073222
ARID1A_to_ARID1B,Avana,ACH-000336,Myeloid,intact,-0.18521605654835502
ARID1A_to_ARID1B,Avana,ACH-000337,Lung,intact,0.06882577698840546
ARID1A_to_ARID1B,Avana,ACH-000339,Lung,intact,0.097773330490483
ARID1A_to_ARID1B,Avana,ACH-000341,Peripheral Nervous System,intact,0.029887911083400238
ARID1A_to_ARID1B,Avana,ACH-000343,Lung,intact,0.012059992647468397
ARID1A_to_ARID1B,Avana,ACH-000344,Esophagus/Stomach,intact,0.13422411634175635
ARID1A_to_ARID1B,Avana,ACH-000346,Lymphoid,intact,-0.14938884126034047
ARID1A_to_ARID1B,Avana,ACH-000348,Skin,intact,-0.27827085289359843
ARID1A_to_ARID1B,Avana,ACH-000350,Bowel,intact,0.3731240922902121
ARID1A_to_ARID1B,Avana,ACH-000352,Breast,intact,0.24007349292613173
ARID1A_to_ARID1B,Avana,ACH-000355,Lung,intact,-0.5377417054306877
ARID1A_to_ARID1B,Avana,ACH-000356,Esophagus/Stomach,damaging,-0.15431843614945776
ARID1A_to_ARID1B,Avana,ACH-000359,Bone,intact,0.02821688164219241
ARID1A_to_ARID1B,Avana,ACH-000361,Liver,intact,-0.49043509856726886
ARID1A_to_ARID1B,Avana,ACH-000362,Myeloid,intact,-0.45448500749438336
ARID1A_to_ARID1B,Avana,ACH-000363,Lymphoid,intact,0.18074672116658738
ARID1A_to_ARID1B,Avana,ACH-000364,Bone,intact,-0.015288013884336416
ARID1A_to_ARID1B,Avana,ACH-000365,Lymphoid,intact,-0.4846489764528672
ARID1A_to_ARID1B,Avana,ACH-000366,Peripheral Nervous System,intact,-0.29116322957082647
ARID1A_to_ARID1B,Avana,ACH-000368,CNS/Brain,intact,-0.4027181691389846
ARID1A_to_ARID1B,Avana,ACH-000370,CNS/Brain,intact,-0.1450026441245731
ARID1A_to_ARID1B,Avana,ACH-000371,Lymphoid,intact,0.06590637315985588
ARID1A_to_ARID1B,Avana,ACH-000374,Breast,intact,-0.29022774032998955
ARID1A_to_ARID1B,Avana,ACH-000375,Kidney,intact,0.06193552366982266
ARID1A_to_ARID1B,Avana,ACH-000376,CNS/Brain,intact,0.015600214318537156
ARID1A_to_ARID1B,Avana,ACH-000377,Ampulla of Vater,intact,-0.21593382586707763
ARID1A_to_ARID1B,Avana,ACH-000378,Lung,intact,-0.01003817351993589
ARID1A_to_ARID1B,Avana,ACH-000381,Bowel,intact,-0.16141664958069055
ARID1A_to_ARID1B,Avana,ACH-000383,Esophagus/Stomach,intact,0.19353287897546817
ARID1A_to_ARID1B,Avana,ACH-000385,Kidney,intact,-0.0497966766875728
ARID1A_to_ARID1B,Avana,ACH-000387,Myeloid,intact,-0.2164504240375532
ARID1A_to_ARID1B,Avana,ACH-000389,CNS/Brain,intact,-0.1950539113291448
ARID1A_to_ARID1B,Avana,ACH-000390,Lung,intact,0.1844274550062179
ARID1A_to_ARID1B,Avana,ACH-000391,Bone,intact,-0.010567498551321997
ARID1A_to_ARID1B,Avana,ACH-000393,Liver,intact,-0.3046013466346782
ARID1A_to_ARID1B,Avana,ACH-000395,Lung,intact,-0.40883681244879927
ARID1A_to_ARID1B,Avana,ACH-000396,Bladder/Urinary Tract,intact,-0.08119793348027843
ARID1A_to_ARID1B,Avana,ACH-000397,Uterus,intact,-0.17200566788382293
ARID1A_to_ARID1B,Avana,ACH-000398,Lymphoid,damaging,-0.6571253179610383
ARID1A_to_ARID1B,Avana,ACH-000401,Skin,intact,0.04244704767205438
ARID1A_to_ARID1B,Avana,ACH-000402,Lymphoid,intact,-0.1407376607777362
ARID1A_to_ARID1B,Avana,ACH-000403,Bowel,intact,0.11385860499540737
ARID1A_to_ARID1B,Avana,ACH-000404,Skin,intact,-0.0012413854940982322
ARID1A_to_ARID1B,Avana,ACH-000405,Lymphoid,intact,-0.02813927214767365
ARID1A_to_ARID1B,Avana,ACH-000406,Myeloid,intact,-0.4625806077936475
ARID1A_to_ARID1B,Avana,ACH-000407,Uterus,intact,-0.05864449696517845
ARID1A_to_ARID1B,Avana,ACH-000408,Esophagus/Stomach,intact,0.13318277242236348
ARID1A_to_ARID1B,Avana,ACH-000410,Bone,intact,-0.1109465282866409
ARID1A_to_ARID1B,Avana,ACH-000411,Kidney,intact,-0.00975609875480074
ARID1A_to_ARID1B,Avana,ACH-000414,Lung,intact,-0.001463816186768635
ARID1A_to_ARID1B,Avana,ACH-000415,Head and Neck,intact,-0.3142116476950272
ARID1A_to_ARID1B,Avana,ACH-000416,Lung,damaging,0.06501496642798531
ARID1A_to_ARID1B,Avana,ACH-000417,Pancreas,intact,0.28845944440286786
ARID1A_to_ARID1B,Avana,ACH-000420,Liver,damaging,-0.7006464595608648
ARID1A_to_ARID1B,Avana,ACH-000421,Bowel,intact,0.1444991838671309
ARID1A_to_ARID1B,Avana,ACH-000422,Liver,intact,-0.6438764052825521
ARID1A_to_ARID1B,Avana,ACH-000424,Bone,intact,-0.12127807486162115
ARID1A_to_ARID1B,Avana,ACH-000425,Skin,intact,0.07930150491696338
ARID1A_to_ARID1B,Avana,ACH-000426,Lymphoid,intact,0.2518120245982243
ARID1A_to_ARID1B,Avana,ACH-000427,Esophagus/Stomach,intact,-0.006452832101586286
ARID1A_to_ARID1B,Avana,ACH-000431,Lung,intact,-0.14709512156555246
ARID1A_to_ARID1B,Avana,ACH-000433,Kidney,damaging,0.311304903526309
ARID1A_to_ARID1B,Avana,ACH-000434,Lung,intact,-0.05029553126070489
ARID1A_to_ARID1B,Avana,ACH-000435,Uterus,damaging,-0.6211683709676715
ARID1A_to_ARID1B,Avana,ACH-000436,Lymphoid,intact,0.0585356811499844
ARID1A_to_ARID1B,Avana,ACH-000437,CNS/Brain,damaging,-0.45526930215595185
ARID1A_to_ARID1B,Avana,ACH-000438,Lung,intact,0.02000610023817094
ARID1A_to_ARID1B,Avana,ACH-000441,Skin,intact,0.04853344454782423
ARID1A_to_ARID1B,Avana,ACH-000444,Lung,intact,-0.3570590398480617
ARID1A_to_ARID1B,Avana,ACH-000445,CNS/Brain,intact,-0.3724836036425147
ARID1A_to_ARID1B,Avana,ACH-000448,Lung,intact,-0.2552918466682015
ARID1A_to_ARID1B,Avana,ACH-000450,Skin,intact,-0.23910555104861503
ARID1A_to_ARID1B,Avana,ACH-000452,Esophagus/Stomach,intact,-0.23217792048288965
ARID1A_to_ARID1B,Avana,ACH-000454,Lung,intact,0.22352942382098498
ARID1A_to_ARID1B,Avana,ACH-000455,CNS/Brain,intact,-0.7194062058898294
ARID1A_to_ARID1B,Avana,ACH-000456,Thyroid,intact,-0.4400417516909968
ARID1A_to_ARID1B,Avana,ACH-000458,Skin,intact,0.07066686259411745
ARID1A_to_ARID1B,Avana,ACH-000459,Kidney,intact,0.08890782472172364
ARID1A_to_ARID1B,Avana,ACH-000460,Ovary/Fallopian Tube,intact,-0.09879781658920837
ARID1A_to_ARID1B,Avana,ACH-000461,Biliary Tract,intact,-0.3950922536452036
ARID1A_to_ARID1B,Avana,ACH-000463,Lung,intact,-0.5542416135524731
ARID1A_to_ARID1B,Avana,ACH-000464,CNS/Brain,intact,0.14456044576729538
ARID1A_to_ARID1B,Avana,ACH-000466,Esophagus/Stomach,damaging,-0.8690981965406859
ARID1A_to_ARID1B,Avana,ACH-000467,Bowel,intact,0.08559626181606309
ARID1A_to_ARID1B,Avana,ACH-000468,Pancreas,intact,-0.09248450313620422
ARID1A_to_ARID1B,Avana,ACH-000469,CNS/Brain,intact,-0.816287414949493
ARID1A_to_ARID1B,Avana,ACH-000470,Bowel,intact,-0.37631825498063765
ARID1A_to_ARID1B,Avana,ACH-000471,Liver,intact,-0.7585099106811295
ARID1A_to_ARID1B,Avana,ACH-000472,Head and Neck,intact,0.19301381076656243
ARID1A_to_ARID1B,Avana,ACH-000473,Bladder/Urinary Tract,intact,-0.033657204863776866
ARID1A_to_ARID1B,Avana,ACH-000475,Liver,intact,-1.8871491621063057
ARID1A_to_ARID1B,Avana,ACH-000476,Liver,intact,-0.08034454677101638
ARID1A_to_ARID1B,Avana,ACH-000477,Skin,intact,-0.09545997605785708
ARID1A_to_ARID1B,Avana,ACH-000478,Liver,intact,-0.45642309434683165
ARID1A_to_ARID1B,Avana,ACH-000479,CNS/Brain,intact,-0.5209969702025954
ARID1A_to_ARID1B,Avana,ACH-000480,Liver,intact,-0.034872287891844184
ARID1A_to_ARID1B,Avana,ACH-000481,Lung,intact,0.055021675566485906
ARID1A_to_ARID1B,Avana,ACH-000483,Liver,intact,-0.505050885340932
ARID1A_to_ARID1B,Avana,ACH-000484,Kidney,intact,-0.15423484536110713
ARID1A_to_ARID1B,Avana,ACH-000485,Esophagus/Stomach,intact,0.2391351960867181
ARID1A_to_ARID1B,Avana,ACH-000486,Bladder/Urinary Tract,damaging,-0.15892783410240652
ARID1A_to_ARID1B,Avana,ACH-000487,Myeloid,intact,-0.21182099477800395
ARID1A_to_ARID1B,Avana,ACH-000488,Esophagus/Stomach,intact,-0.27089891846829395
ARID1A_to_ARID1B,Avana,ACH-000489,Bowel,intact,0.028698250291277736
ARID1A_to_ARID1B,Avana,ACH-000490,Cervix,intact,-0.17051335544613938
ARID1A_to_ARID1B,Avana,ACH-000491,Bowel,intact,0.07603865093837683
ARID1A_to_ARID1B,Avana,ACH-000493,Liver,damaging,-1.9314469524255085
ARID1A_to_ARID1B,Avana,ACH-000495,Kidney,intact,0.010775979071934462
ARID1A_to_ARID1B,Avana,ACH-000496,Lung,intact,0.020089301483374268
ARID1A_to_ARID1B,Avana,ACH-000499,Bone,intact,-0.20584859494653823
ARID1A_to_ARID1B,Avana,ACH-000500,Head and Neck,intact,0.00997151436308999
ARID1A_to_ARID1B,Avana,ACH-000502,Pancreas,intact,0.051222440284577585
ARID1A_to_ARID1B,Avana,ACH-000503,Head and Neck,intact,0.23496543772275122
ARID1A_to_ARID1B,Avana,ACH-000504,CNS/Brain,intact,0.012182663829036315
ARID1A_to_ARID1B,Avana,ACH-000505,Soft Tissue,intact,-0.2657088490259251
ARID1A_to_ARID1B,Avana,ACH-000507,Esophagus/Stomach,intact,0.10063291681287992
ARID1A_to_ARID1B,Avana,ACH-000510,Lung,intact,0.009504993353263425
ARID1A_to_ARID1B,Avana,ACH-000511,Lung,intact,-0.25071000898999063
ARID1A_to_ARID1B,Avana,ACH-000512,Lymphoid,intact,0.3169995574910311
ARID1A_to_ARID1B,Avana,ACH-000514,Lung,intact,-0.09230089915524337
ARID1A_to_ARID1B,Avana,ACH-000516,Bone,intact,0.21300123287807876
ARID1A_to_ARID1B,Avana,ACH-000517,Pancreas,intact,-0.16513739918963713
ARID1A_to_ARID1B,Avana,ACH-000518,Head and Neck,intact,-0.2045701819530384
ARID1A_to_ARID1B,Avana,ACH-000520,Ovary/Fallopian Tube,intact,-0.3809224536954155
ARID1A_to_ARID1B,Avana,ACH-000521,Lung,intact,0.0014298791168281541
ARID1A_to_ARID1B,Avana,ACH-000522,Bladder/Urinary Tract,intact,-0.46488095020335696
ARID1A_to_ARID1B,Avana,ACH-000524,Ovary/Fallopian Tube,intact,0.06185628555222989
ARID1A_to_ARID1B,Avana,ACH-000525,Lung,intact,0.0011759984165621712
ARID1A_to_ARID1B,Avana,ACH-000527,Ovary/Fallopian Tube,damaging,-1.395006870832743
ARID1A_to_ARID1B,Avana,ACH-000528,Lung,intact,0.1350881382268269
ARID1A_to_ARID1B,Avana,ACH-000532,Bowel,intact,-0.059562843393818114
ARID1A_to_ARID1B,Avana,ACH-000533,Kidney,intact,-0.1703092601367161
ARID1A_to_ARID1B,Avana,ACH-000535,Pancreas,intact,-0.48685812708603177
ARID1A_to_ARID1B,Avana,ACH-000537,Liver,intact,-0.1111261201687573
ARID1A_to_ARID1B,Avana,ACH-000541,Lymphoid,intact,0.10189683570763995
ARID1A_to_ARID1B,Avana,ACH-000542,Ovary/Fallopian Tube,intact,0.07785741211700349
ARID1A_to_ARID1B,Avana,ACH-000544,Esophagus/Stomach,intact,-0.12843811589011575
ARID1A_to_ARID1B,Avana,ACH-000545,Bladder/Urinary Tract,damaging,-0.23986656856930072
ARID1A_to_ARID1B,Avana,ACH-000547,Bladder/Urinary Tract,damaging,0.01987822164184328
ARID1A_to_ARID1B,Avana,ACH-000548,Head and Neck,intact,-0.22848256392338762
ARID1A_to_ARID1B,Avana,ACH-000549,Head and Neck,intact,0.1752188757930289
ARID1A_to_ARID1B,Avana,ACH-000550,Skin,intact,-0.13759101236803278
ARID1A_to_ARID1B,Avana,ACH-000551,Myeloid,intact,0.13537018108977025
ARID1A_to_ARID1B,Avana,ACH-000552,Bowel,intact,0.24883225988584623
ARID1A_to_ARID1B,Avana,ACH-000556,Cervix,intact,-0.07097482995092641
ARID1A_to_ARID1B,Avana,ACH-000557,Myeloid,intact,0.10577126483534989
ARID1A_to_ARID1B,Avana,ACH-000559,Lung,intact,-0.1020320025762987
ARID1A_to_ARID1B,Avana,ACH-000563,Lung,intact,0.46318543125840017
ARID1A_to_ARID1B,Avana,ACH-000567,Lymphoid,intact,-0.37127059694228004
ARID1A_to_ARID1B,Avana,ACH-000570,CNS/Brain,intact,-0.8921879441301843
ARID1A_to_ARID1B,Avana,ACH-000571,CNS/Brain,intact,-0.2679594376315142
ARID1A_to_ARID1B,Avana,ACH-000573,Breast,intact,-0.22990236230052125
ARID1A_to_ARID1B,Avana,ACH-000576,Lymphoid,intact,0.03639787002928378
ARID1A_to_ARID1B,Avana,ACH-000577,Liver,intact,-0.12461131615511706
ARID1A_to_ARID1B,Avana,ACH-000579,Skin,intact,0.0456410857065119
ARID1A_to_ARID1B,Avana,ACH-000580,Skin,intact,-0.31779915189877883
ARID1A_to_ARID1B,Avana,ACH-000581,Esophagus/Stomach,damaging,-0.19443216430210258
ARID1A_to_ARID1B,Avana,ACH-000584,Ovary/Fallopian Tube,intact,0.20728596828139173
ARID1A_to_ARID1B,Avana,ACH-000585,Lung,intact,-0.329447914329109
ARID1A_to_ARID1B,Avana,ACH-000587,Lung,intact,-0.28798666844006554
ARID1A_to_ARID1B,Avana,ACH-000588,Lymphoid,intact,-0.23334609235903164
ARID1A_to_ARID1B,Avana,ACH-000589,Lung,intact,-0.020582609419474054
ARID1A_to_ARID1B,Avana,ACH-000591,CNS/Brain,intact,-0.4051533306049095
ARID1A_to_ARID1B,Avana,ACH-000592,CNS/Brain,intact,-0.20978784648485335
ARID1A_to_ARID1B,Avana,ACH-000593,Bladder/Urinary Tract,intact,-0.616300718956238
ARID1A_to_ARID1B,Avana,ACH-000595,CNS/Brain,intact,0.05212678512714923
ARID1A_to_ARID1B,Avana,ACH-000596,Lung,intact,0.023461525169548046
ARID1A_to_ARID1B,Avana,ACH-000597,Kidney,intact,-0.05908303539478812
ARID1A_to_ARID1B,Avana,ACH-000599,Pancreas,damaging,-0.1611404407318739
ARID1A_to_ARID1B,Avana,ACH-000601,Pancreas,damaging,0.29332938069243586
ARID1A_to_ARID1B,Avana,ACH-000602,Myeloid,intact,-0.007413860237984064
ARID1A_to_ARID1B,Avana,ACH-000604,Myeloid,intact,-0.7030221712183398
ARID1A_to_ARID1B,Avana,ACH-000605,Esophagus/Stomach,intact,-0.08957950219844521
ARID1A_to_ARID1B,Avana,ACH-000606,Head and Neck,intact,-0.0031687573087593873
ARID1A_to_ARID1B,Avana,ACH-000607,Soft Tissue,intact,-0.25693361341551274
ARID1A_to_ARID1B,Avana,ACH-000608,Ovary/Fallopian Tube,intact,0.13156856342139134
ARID1A_to_ARID1B,Avana,ACH-000609,CNS/Brain,intact,-0.04198021259204372
ARID1A_to_ARID1B,Avana,ACH-000614,Skin,damaging,-0.03989298704771321
ARID1A_to_ARID1B,Avana,ACH-000616,Esophagus/Stomach,intact,-0.0520136914138672
ARID1A_to_ARID1B,Avana,ACH-000618,Head and Neck,intact,-0.07470592365089516
ARID1A_to_ARID1B,Avana,ACH-000619,Head and Neck,intact,-0.2764725137682831
ARID1A_to_ARID1B,Avana,ACH-000620,Liver,intact,0.19684916196871605
ARID1A_to_ARID1B,Avana,ACH-000621,Breast,intact,-0.005725927964830565
ARID1A_to_ARID1B,Avana,ACH-000622,CNS/Brain,intact,-0.3432547919616713
ARID1A_to_ARID1B,Avana,ACH-000623,CNS/Brain,intact,-0.46434227739187517
ARID1A_to_ARID1B,Avana,ACH-000624,Breast,intact,-0.10955589759023811
ARID1A_to_ARID1B,Avana,ACH-000627,Lung,intact,-0.000180622405751181
ARID1A_to_ARID1B,Avana,ACH-000630,Head and Neck,intact,-0.6912089143821244
ARID1A_to_ARID1B,Avana,ACH-000632,Skin,intact,-0.07725914359804922
ARID1A_to_ARID1B,Avana,ACH-000633,Esophagus/Stomach,intact,-0.5792270562535249
ARID1A_to_ARID1B,Avana,ACH-000634,CNS/Brain,intact,0.04726779685856272
ARID1A_to_ARID1B,Avana,ACH-000637,Esophagus/Stomach,intact,0.39895506133204156
ARID1A_to_ARID1B,Avana,ACH-000638,Lung,intact,0.18922391730132343
ARID1A_to_ARID1B,Avana,ACH-000639,Lung,intact,-0.5082686020350696
ARID1A_to_ARID1B,Avana,ACH-000645,Pleura,intact,-0.17076741198632603
ARID1A_to_ARID1B,Avana,ACH-000646,Ovary/Fallopian Tube,damaging,-0.8631544760682859
ARID1A_to_ARID1B,Avana,ACH-000647,Esophagus/Stomach,intact,0.11537541002383189
ARID1A_to_ARID1B,Avana,ACH-000648,Pleura,intact,-0.20940948720726343
ARID1A_to_ARID1B,Avana,ACH-000649,Kidney,intact,0.022272901912656295
ARID1A_to_ARID1B,Avana,ACH-000651,Bowel,intact,-0.50146640459254
ARID1A_to_ARID1B,Avana,ACH-000652,Pancreas,damaging,0.38324782991999967
ARID1A_to_ARID1B,Avana,ACH-000653,Lymphoid,intact,0.0013005992795264779
ARID1A_to_ARID1B,Avana,ACH-000654,Lymphoid,intact,0.01737236927572639
ARID1A_to_ARID1B,Avana,ACH-000655,CNS/Brain,intact,-0.14809442586526259
ARID1A_to_ARID1B,Avana,ACH-000657,Ovary/Fallopian Tube,damaging,0.06450689077044816
ARID1A_to_ARID1B,Avana,ACH-000661,Skin,intact,-0.2598030609951514
ARID1A_to_ARID1B,Avana,ACH-000662,Lung,intact,0.11630665974118234
ARID1A_to_ARID1B,Avana,ACH-000663,Ovary/Fallopian Tube,damaging,0.026577960450262943
ARID1A_to_ARID1B,Avana,ACH-000664,Lymphoid,intact,0.23696278160694015
ARID1A_to_ARID1B,Avana,ACH-000665,Lung,intact,-0.004046658861067247
ARID1A_to_ARID1B,Avana,ACH-000667,Lung,intact,-0.37737301769378234
ARID1A_to_ARID1B,Avana,ACH-000671,Liver,intact,-0.27980707116243186
ARID1A_to_ARID1B,Avana,ACH-000673,CNS/Brain,intact,0.10148858215117156
ARID1A_to_ARID1B,Avana,ACH-000676,CNS/Brain,intact,-0.45114726205550737
ARID1A_to_ARID1B,Avana,ACH-000677,Lung,intact,0.23341452364538953
ARID1A_to_ARID1B,Avana,ACH-000680,Bowel,intact,0.22786261452447487
ARID1A_to_ARID1B,Avana,ACH-000681,Lung,intact,0.28722230215378747
ARID1A_to_ARID1B,Avana,ACH-000682,Head and Neck,intact,-0.0877936506889691
ARID1A_to_ARID1B,Avana,ACH-000683,Bowel,intact,-0.012982595483482823
ARID1A_to_ARID1B,Avana,ACH-000684,Kidney,intact,-0.6199933082690485
ARID1A_to_ARID1B,Avana,ACH-000685,Pancreas,intact,-0.061715552534800586
ARID1A_to_ARID1B,Avana,ACH-000688,Ovary/Fallopian Tube,intact,-0.1798621104157317
ARID1A_to_ARID1B,Avana,ACH-000693,Esophagus/Stomach,intact,0.22940445875510462
ARID1A_to_ARID1B,Avana,ACH-000694,Esophagus/Stomach,intact,-0.1317494500968444
ARID1A_to_ARID1B,Avana,ACH-000695,Lung,intact,0.12288236427676587
ARID1A_to_ARID1B,Avana,ACH-000696,Ovary/Fallopian Tube,intact,0.18659474656790803
ARID1A_to_ARID1B,Avana,ACH-000697,Lymphoid,intact,-0.059624856348444916
ARID1A_to_ARID1B,Avana,ACH-000698,Lung,intact,0.5190109458515275
ARID1A_to_ARID1B,Avana,ACH-000699,Breast,intact,-0.14276901014337284
ARID1A_to_ARID1B,Avana,ACH-000700,Lung,intact,-0.08973769902837375
ARID1A_to_ARID1B,Avana,ACH-000701,Ovary/Fallopian Tube,intact,0.23065404329732372
ARID1A_to_ARID1B,Avana,ACH-000702,Lymphoid,damaging,0.0806625562437385
ARID1A_to_ARID1B,Avana,ACH-000706,Lung,intact,-0.07423866628881105
ARID1A_to_ARID1B,Avana,ACH-000709,Kidney,intact,-0.44357405715893655
ARID1A_to_ARID1B,Avana,ACH-000711,Breast,intact,0.0626261898383369
ARID1A_to_ARID1B,Avana,ACH-000713,Ovary/Fallopian Tube,intact,0.16218446851158702
ARID1A_to_ARID1B,Avana,ACH-000714,Lymphoid,intact,0.010496942381569906
ARID1A_to_ARID1B,Avana,ACH-000716,Thyroid,intact,-0.2826934609982788
ARID1A_to_ARID1B,Avana,ACH-000718,Lung,intact,-0.3884220608190094
ARID1A_to_ARID1B,Avana,ACH-000719,Ovary/Fallopian Tube,intact,-0.36047866500428816
ARID1A_to_ARID1B,Avana,ACH-000720,Bladder/Urinary Tract,damaging,-0.26493023255145826
ARID1A_to_ARID1B,Avana,ACH-000721,Breast,intact,-0.10653596570729013
ARID1A_to_ARID1B,Avana,ACH-000724,Bladder/Urinary Tract,damaging,-0.5731865127986906
ARID1A_to_ARID1B,Avana,ACH-000725,Breast,intact,-0.0633942317758476
ARID1A_to_ARID1B,Avana,ACH-000732,Head and Neck,intact,0.3670790750894204
ARID1A_to_ARID1B,Avana,ACH-000734,Liver,intact,0.29225751891078117
ARID1A_to_ARID1B,Avana,ACH-000735,Head and Neck,intact,0.5558846422044382
ARID1A_to_ARID1B,Avana,ACH-000736,Esophagus/Stomach,intact,0.03648219075249105
ARID1A_to_ARID1B,Avana,ACH-000738,CNS/Brain,intact,0.044657164457452006
ARID1A_to_ARID1B,Avana,ACH-000739,Liver,intact,0.08594362878706972
ARID1A_to_ARID1B,Avana,ACH-000740,Head and Neck,intact,0.1055054589635261
ARID1A_to_ARID1B,Avana,ACH-000741,Bladder/Urinary Tract,intact,-0.29059514281416465
ARID1A_to_ARID1B,Avana,ACH-000746,Esophagus/Stomach,intact,-0.1904709807845602
ARID1A_to_ARID1B,Avana,ACH-000747,Lung,intact,-0.060873941019388235
ARID1A_to_ARID1B,Avana,ACH-000748,Bone,intact,0.3589490959655527
ARID1A_to_ARID1B,Avana,ACH-000753,Bladder/Urinary Tract,damaging,-1.1819906403932308
ARID1A_to_ARID1B,Avana,ACH-000754,Lymphoid,intact,-0.10465024840981696
ARID1A_to_ARID1B,Avana,ACH-000756,CNS/Brain,intact,-0.13361024454381806
ARID1A_to_ARID1B,Avana,ACH-000757,Lung,intact,-0.10110646166099416
ARID1A_to_ARID1B,Avana,ACH-000758,Esophagus/Stomach,intact,-0.1124173130846
ARID1A_to_ARID1B,Avana,ACH-000760,CNS/Brain,intact,-0.09010866410794627
ARID1A_to_ARID1B,Avana,ACH-000762,Head and Neck,intact,0.19964591171648138
ARID1A_to_ARID1B,Avana,ACH-000763,Lymphoid,intact,0.14700167276901416
ARID1A_to_ARID1B,Avana,ACH-000764,Esophagus/Stomach,intact,-0.14905659387718923
ARID1A_to_ARID1B,Avana,ACH-000765,Skin,intact,-0.2214968827744389
ARID1A_to_ARID1B,Avana,ACH-000766,Lung,intact,-0.16731565931447945
ARID1A_to_ARID1B,Avana,ACH-000767,Lung,intact,-0.49989781380949405
ARID1A_to_ARID1B,Avana,ACH-000768,Breast,intact,0.1684356787881452
ARID1A_to_ARID1B,Avana,ACH-000769,Lung,intact,0.01477286657931498
ARID1A_to_ARID1B,Avana,ACH-000770,Myeloid,damaging,-0.23060161240807986
ARID1A_to_ARID1B,Avana,ACH-000771,Head and Neck,intact,-0.44271615510577
ARID1A_to_ARID1B,Avana,ACH-000773,Lymphoid,intact,0.27634955953482737
ARID1A_to_ARID1B,Avana,ACH-000774,Lung,intact,0.08398919539893598
ARID1A_to_ARID1B,Avana,ACH-000775,Lung,intact,0.049954199841908346
ARID1A_to_ARID1B,Avana,ACH-000776,CNS/Brain,intact,-0.05397469736233226
ARID1A_to_ARID1B,Avana,ACH-000777,Esophagus/Stomach,intact,0.06204368699671641
ARID1A_to_ARID1B,Avana,ACH-000778,Head and Neck,intact,0.21981974801391096
ARID1A_to_ARID1B,Avana,ACH-000781,Lung,intact,0.1669977483894535
ARID1A_to_ARID1B,Avana,ACH-000782,Lymphoid,intact,-0.1769705870349158
ARID1A_to_ARID1B,Avana,ACH-000783,Breast,intact,0.1149005996075326
ARID1A_to_ARID1B,Avana,ACH-000784,Esophagus/Stomach,damaging,-0.5128753116406197
ARID1A_to_ARID1B,Avana,ACH-000785,Lung,intact,-0.11163441573305437
ARID1A_to_ARID1B,Avana,ACH-000787,Lung,intact,-0.12071076816180604
ARID1A_to_ARID1B,Avana,ACH-000788,Skin,intact,-0.19310194302181716
ARID1A_to_ARID1B,Avana,ACH-000790,Lung,intact,0.010431016511651677
ARID1A_to_ARID1B,Avana,ACH-000791,Lung,intact,0.02003769608444933
ARID1A_to_ARID1B,Avana,ACH-000792,Kidney,intact,-0.08296184690619814
ARID1A_to_ARID1B,Avana,ACH-000793,Esophagus/Stomach,intact,0.21809978887568046
ARID1A_to_ARID1B,Avana,ACH-000794,Head and Neck,intact,0.07627224303449821
ARID1A_to_ARID1B,Avana,ACH-000796,Ovary/Fallopian Tube,intact,-0.20453988626116187
ARID1A_to_ARID1B,Avana,ACH-000799,Skin,intact,0.04453311165292954
ARID1A_to_ARID1B,Avana,ACH-000800,Lung,intact,-0.16875775971318188
ARID1A_to_ARID1B,Avana,ACH-000801,Skin,intact,-0.05820850633057484
ARID1A_to_ARID1B,Avana,ACH-000802,Bladder/Urinary Tract,intact,-0.32927753064819326
ARID1A_to_ARID1B,Avana,ACH-000804,Peripheral Nervous System,intact,0.06002785217320189
ARID1A_to_ARID1B,Avana,ACH-000805,Skin,intact,0.08483905328296287
ARID1A_to_ARID1B,Avana,ACH-000807,CNS/Brain,intact,-0.3773283658435382
ARID1A_to_ARID1B,Avana,ACH-000809,Esophagus/Stomach,intact,-0.11587055180917277
ARID1A_to_ARID1B,Avana,ACH-000810,Skin,intact,-0.43399157002826
ARID1A_to_ARID1B,Avana,ACH-000811,Ovary/Fallopian Tube,damaging,0.16997183591699982
ARID1A_to_ARID1B,Avana,ACH-000817,Lymphoid,intact,-0.217434001210498
ARID1A_to_ARID1B,Avana,ACH-000819,CNS/Brain,intact,-0.04231648414538563
ARID1A_to_ARID1B,Avana,ACH-000820,Bowel,intact,-0.14950467516800459
ARID1A_to_ARID1B,Avana,ACH-000821,Lymphoid,intact,-0.19480436565115555
ARID1A_to_ARID1B,Avana,ACH-000822,Skin,intact,-0.2715267949682846
ARID1A_to_ARID1B,Avana,ACH-000823,Esophagus/Stomach,intact,-0.07395232119877325
ARID1A_to_ARID1B,Avana,ACH-000824,Esophagus/Stomach,intact,-0.3220971937439354
ARID1A_to_ARID1B,Avana,ACH-000827,Skin,intact,-0.026061379634242085
ARID1A_to_ARID1B,Avana,ACH-000829,Lymphoid,intact,-0.16939849522008915
ARID1A_to_ARID1B,Avana,ACH-000831,Uterus,intact,-0.1931952858223993
ARID1A_to_ARID1B,Avana,ACH-000832,Head and Neck,intact,0.1601929309368747
ARID1A_to_ARID1B,Avana,ACH-000833,Soft Tissue,intact,0.03374512223589618
ARID1A_to_ARID1B,Avana,ACH-000834,Bladder/Urinary Tract,intact,0.09380321355314285
ARID1A_to_ARID1B,Avana,ACH-000835,Soft Tissue,intact,-0.49335019210886033
ARID1A_to_ARID1B,Avana,ACH-000836,Head and Neck,intact,0.35901357345543505
ARID1A_to_ARID1B,Avana,ACH-000837,Lung,intact,0.009863831465603358
ARID1A_to_ARID1B,Avana,ACH-000838,Lymphoid,intact,-0.2393226124243872
ARID1A_to_ARID1B,Avana,ACH-000839,Bladder/Urinary Tract,intact,-0.2926944393052475
ARID1A_to_ARID1B,Avana,ACH-000840,Lung,intact,0.2534060683251211
ARID1A_to_ARID1B,Avana,ACH-000841,Lung,intact,0.028553119121703496
ARID1A_to_ARID1B,Avana,ACH-000843,Lung,intact,-0.045279274512705206
ARID1A_to_ARID1B,Avana,ACH-000845,Lung,intact,0.16182080396703835
ARID1A_to_ARID1B,Avana,ACH-000846,Head and Neck,intact,0.3844029502141151
ARID1A_to_ARID1B,Avana,ACH-000847,Esophagus/Stomach,intact,0.038230234374691405
ARID1A_to_ARID1B,Avana,ACH-000848,Liver,intact,-0.1981601261351873
ARID1A_to_ARID1B,Avana,ACH-000849,Breast,intact,-0.2057341000896767
ARID1A_to_ARID1B,Avana,ACH-000851,Lung,intact,-0.02120934340841945
ARID1A_to_ARID1B,Avana,ACH-000853,Lung,intact,0.1642931404167784
ARID1A_to_ARID1B,Avana,ACH-000855,Esophagus/Stomach,intact,0.2624543892960655
ARID1A_to_ARID1B,Avana,ACH-000856,Breast,damaging,-1.152542138528926
ARID1A_to_ARID1B,Avana,ACH-000858,Lung,intact,-0.06571576248905775
ARID1A_to_ARID1B,Avana,ACH-000859,Breast,intact,0.15714455448754133
ARID1A_to_ARID1B,Avana,ACH-000860,Lung,intact,0.07291118628810278
ARID1A_to_ARID1B,Avana,ACH-000861,Lung,intact,-0.2117947828279432
ARID1A_to_ARID1B,Avana,ACH-000862,Bladder/Urinary Tract,intact,0.14715162524792091
ARID1A_to_ARID1B,Avana,ACH-000865,Esophagus/Stomach,damaging,-0.07663755901522247
ARID1A_to_ARID1B,Avana,ACH-000866,Lung,damaging,-0.7357369901157702
ARID1A_to_ARID1B,Avana,ACH-000867,Lung,damaging,0.08536517192170487
ARID1A_to_ARID1B,Avana,ACH-000869,Lung,intact,-0.3972425983438318
ARID1A_to_ARID1B,Avana,ACH-000871,Lung,intact,0.07055896533576082
ARID1A_to_ARID1B,Avana,ACH-000872,Lung,intact,-0.07396945854997816
ARID1A_to_ARID1B,Avana,ACH-000873,Esophagus/Stomach,intact,-0.23726766323095821
ARID1A_to_ARID1B,Avana,ACH-000876,Breast,intact,0.1316703003908414
ARID1A_to_ARID1B,Avana,ACH-000878,Lung,intact,-0.07494572676105844
ARID1A_to_ARID1B,Avana,ACH-000880,Esophagus/Stomach,intact,-0.6779427701191358
ARID1A_to_ARID1B,Avana,ACH-000881,Skin,intact,0.0406240271488481
ARID1A_to_ARID1B,Avana,ACH-000882,Skin,intact,-0.20963824492895888
ARID1A_to_ARID1B,Avana,ACH-000884,Skin,intact,0.19666226380994534
ARID1A_to_ARID1B,Avana,ACH-000885,Ovary/Fallopian Tube,damaging,-0.6043444311391395
ARID1A_to_ARID1B,Avana,ACH-000886,Lung,intact,0.023332935628051284
ARID1A_to_ARID1B,Avana,ACH-000887,CNS/Brain,intact,-0.09786902397643892
ARID1A_to_ARID1B,Avana,ACH-000888,Lung,damaging,-0.1407900239742321
ARID1A_to_ARID1B,Avana,ACH-000889,Lymphoid,intact,-0.4941712654313105
ARID1A_to_ARID1B,Avana,ACH-000890,Lung,intact,-0.43048702801588856
ARID1A_to_ARID1B,Avana,ACH-000896,Bladder/Urinary Tract,intact,0.10256628457490494
ARID1A_to_ARID1B,Avana,ACH-000898,Esophagus/Stomach,intact,-0.06049615897632822
ARID1A_to_ARID1B,Avana,ACH-000899,Skin,intact,-3.22234062028233
ARID1A_to_ARID1B,Avana,ACH-000900,Lung,intact,0.2059102567430961
ARID1A_to_ARID1B,Avana,ACH-000901,Lung,intact,-0.032843726891977267
ARID1A_to_ARID1B,Avana,ACH-000903,Thyroid,intact,-0.1114394446979077
ARID1A_to_ARID1B,Avana,ACH-000905,Bladder/Urinary Tract,intact,-0.11136694157235243
ARID1A_to_ARID1B,Avana,ACH-000906,Ovary/Fallopian Tube,intact,0.1121286980550612
ARID1A_to_ARID1B,Avana,ACH-000907,Kidney,damaging,-0.7665864382769004
ARID1A_to_ARID1B,Avana,ACH-000910,Breast,intact,0.036877413339778876
ARID1A_to_ARID1B,Avana,ACH-000911,Esophagus/Stomach,damaging,-0.41373897246348934
ARID1A_to_ARID1B,Avana,ACH-000912,Lung,damaging,-1.5921349791108748
ARID1A_to_ARID1B,Avana,ACH-000913,Uterus,intact,0.09397167787070651
ARID1A_to_ARID1B,Avana,ACH-000914,Lymphoid,intact,-0.20859588331613532
ARID1A_to_ARID1B,Avana,ACH-000915,Skin,intact,0.036643954757226024
ARID1A_to_ARID1B,Avana,ACH-000916,Lung,intact,0.34559536509025324
ARID1A_to_ARID1B,Avana,ACH-000917,Esophagus/Stomach,intact,-0.028923315205299442
ARID1A_to_ARID1B,Avana,ACH-000920,Myeloid,intact,-0.06629822976083444
ARID1A_to_ARID1B,Avana,ACH-000921,Lung,intact,0.1216612453288234
ARID1A_to_ARID1B,Avana,ACH-000922,Lymphoid,intact,-0.6833090489040035
ARID1A_to_ARID1B,Avana,ACH-000924,Lung,damaging,-0.27734669000567264
ARID1A_to_ARID1B,Avana,ACH-000926,Bowel,intact,-0.1024528239611486
ARID1A_to_ARID1B,Avana,ACH-000928,Uterus,damaging,-1.2570512224460284
ARID1A_to_ARID1B,Avana,ACH-000929,Lung,intact,0.04229620650959104
ARID1A_to_ARID1B,Avana,ACH-000932,Esophagus/Stomach,damaging,-0.20133610632609045
ARID1A_to_ARID1B,Avana,ACH-000935,Bowel,intact,-0.41549767186372494
ARID1A_to_ARID1B,Avana,ACH-000936,Ovary/Fallopian Tube,damaging,-0.6970156645559209
ARID1A_to_ARID1B,Avana,ACH-000937,Lymphoid,intact,-0.038705921693659474
ARID1A_to_ARID1B,Avana,ACH-000938,Lymphoid,intact,-0.11474150891912906
ARID1A_to_ARID1B,Avana,ACH-000939,Uterus,damaging,0.04617073745482114
ARID1A_to_ARID1B,Avana,ACH-000941,Uterus,damaging,-0.5677241014346107
ARID1A_to_ARID1B,Avana,ACH-000943,Bowel,damaging,-0.6910267431412465
ARID1A_to_ARID1B,Avana,ACH-000944,Lymphoid,intact,-0.2266479729237116
ARID1A_to_ARID1B,Avana,ACH-000946,Uterus,damaging,-0.3695577376471435
ARID1A_to_ARID1B,Avana,ACH-000947,Ovary/Fallopian Tube,damaging,-0.24982292448566673
ARID1A_to_ARID1B,Avana,ACH-000948,Esophagus/Stomach,damaging,-1.4561895367874196
ARID1A_to_ARID1B,Avana,ACH-000950,Bowel,damaging,-0.1574435036887107
ARID1A_to_ARID1B,Avana,ACH-000953,Lymphoid,intact,0.03096290604748614
ARID1A_to_ARID1B,Avana,ACH-000957,Bowel,damaging,-0.2384151488256121
ARID1A_to_ARID1B,Avana,ACH-000958,Bowel,damaging,-0.9975624052235261
ARID1A_to_ARID1B,Avana,ACH-000959,Bowel,intact,-0.41285175707688715
ARID1A_to_ARID1B,Avana,ACH-000960,Lymphoid,intact,-0.38562109486576346
ARID1A_to_ARID1B,Avana,ACH-000961,Uterus,damaging,-0.6543554564814613
ARID1A_to_ARID1B,Avana,ACH-000963,Bowel,intact,0.05357631476833124
ARID1A_to_ARID1B,Avana,ACH-000965,Uterus,damaging,-2.3027054981802886
ARID1A_to_ARID1B,Avana,ACH-000968,Skin,intact,-0.0848735198390029
ARID1A_to_ARID1B,Avana,ACH-000969,Bowel,damaging,-0.19396701203714556
ARID1A_to_ARID1B,Avana,ACH-000973,Bladder/Urinary Tract,intact,-0.05369973257712606
ARID1A_to_ARID1B,Avana,ACH-000974,Uterus,damaging,-1.2390651560497647
ARID1A_to_ARID1B,Avana,ACH-000975,Lung,damaging,0.08929138940560487
ARID1A_to_ARID1B,Avana,ACH-000976,Biliary Tract,intact,-0.10011227037494444
ARID1A_to_ARID1B,Avana,ACH-000977,Prostate,damaging,-0.3599945300284965
ARID1A_to_ARID1B,Avana,ACH-000978,Uterus,damaging,-0.10164074868840214
ARID1A_to_ARID1B,Avana,ACH-000980,Lung,intact,-0.16165210242118816
ARID1A_to_ARID1B,Avana,ACH-000983,Myeloid,intact,-0.10234643950985602
ARID1A_to_ARID1B,Avana,ACH-000984,Uterus,damaging,-1.5117446452872239
ARID1A_to_ARID1B,Avana,ACH-000986,Bowel,intact,-0.12227646955099811
ARID1A_to_ARID1B,Avana,ACH-000988,Uterus,damaging,0.19195041220500286
ARID1A_to_ARID1B,Avana,ACH-000993,Uterus,damaging,-0.1994784067671636
ARID1A_to_ARID1B,Avana,ACH-000994,Uterus,damaging,-0.05512391956436394
ARID1A_to_ARID1B,Avana,ACH-000995,Lymphoid,damaging,-0.2962331194663107
ARID1A_to_ARID1B,Avana,ACH-000996,Uterus,damaging,-0.10864855128242074
ARID1A_to_ARID1B,Avana,ACH-001001,Bone,intact,-0.07238637601721898
ARID1A_to_ARID1B,Avana,ACH-001020,CNS/Brain,intact,-0.0919432208375172
ARID1A_to_ARID1B,Avana,ACH-001028,CNS/Brain,intact,0.07992337313629909
ARID1A_to_ARID1B,Avana,ACH-001029,Bone,intact,-0.3365790213468122
ARID1A_to_ARID1B,Avana,ACH-001031,CNS/Brain,intact,-0.5384736957333025
ARID1A_to_ARID1B,Avana,ACH-001033,CNS/Brain,intact,-0.5867754716113891
ARID1A_to_ARID1B,Avana,ACH-001036,Myeloid,intact,-0.32139009903068194
ARID1A_to_ARID1B,Avana,ACH-001038,Bone,intact,-0.4003240419404665
ARID1A_to_ARID1B,Avana,ACH-001041,Skin,intact,0.09637343520980408
ARID1A_to_ARID1B,Avana,ACH-001048,Ovary/Fallopian Tube,intact,-0.11857553212445861
ARID1A_to_ARID1B,Avana,ACH-001050,Soft Tissue,intact,-0.3193524423620016
ARID1A_to_ARID1B,Avana,ACH-001053,CNS/Brain,intact,-0.20827173219557432
ARID1A_to_ARID1B,Avana,ACH-001054,CNS/Brain,intact,0.07930439145248724
ARID1A_to_ARID1B,Avana,ACH-001061,Bowel,intact,0.10365794022231661
ARID1A_to_ARID1B,Avana,ACH-001067,CNS/Brain,intact,-0.694784847356191
ARID1A_to_ARID1B,Avana,ACH-001075,Lung,intact,0.09004910045011807
ARID1A_to_ARID1B,Avana,ACH-001096,Soft Tissue,intact,0.15777873785482693
ARID1A_to_ARID1B,Avana,ACH-001098,Pancreas,damaging,0.23280796558649863
ARID1A_to_ARID1B,Avana,ACH-001099,Kidney,intact,-0.2653667506425408
ARID1A_to_ARID1B,Avana,ACH-001119,Lymphoid,intact,-0.13437607850656152
ARID1A_to_ARID1B,Avana,ACH-001128,Kidney,intact,-0.23790116231852693
ARID1A_to_ARID1B,Avana,ACH-001129,Myeloid,intact,0.05316460142075913
ARID1A_to_ARID1B,Avana,ACH-001134,Lymphoid,intact,-0.15998253329510534
ARID1A_to_ARID1B,Avana,ACH-001145,Ovary/Fallopian Tube,damaging,-1.9564552151988086
ARID1A_to_ARID1B,Avana,ACH-001151,Ovary/Fallopian Tube,intact,-0.1642588649944821
ARID1A_to_ARID1B,Avana,ACH-001163,Kidney,intact,-0.017728253814502645
ARID1A_to_ARID1B,Avana,ACH-001164,Soft Tissue,damaging,-0.5555359715451869
ARID1A_to_ARID1B,Avana,ACH-001172,CNS/Brain,intact,-0.0060685959458870765
ARID1A_to_ARID1B,Avana,ACH-001183,Bladder/Urinary Tract,intact,-0.6432768904095458
ARID1A_to_ARID1B,Avana,ACH-001184,Soft Tissue,intact,-0.1417591906317287
ARID1A_to_ARID1B,Avana,ACH-001188,Peripheral Nervous System,intact,-0.04254566444898358
ARID1A_to_ARID1B,Avana,ACH-001190,Skin,intact,0.05905619106189468
ARID1A_to_ARID1B,Avana,ACH-001192,Bone,intact,-0.2876055071421907
ARID1A_to_ARID1B,Avana,ACH-001193,Bone,intact,-0.05531930536777181
ARID1A_to_ARID1B,Avana,ACH-001194,Kidney,intact,0.28608083795262995
ARID1A_to_ARID1B,Avana,ACH-001196,Soft Tissue,intact,-0.26084818497039347
ARID1A_to_ARID1B,Avana,ACH-001197,Lymphoid,intact,0.43582025661624707
ARID1A_to_ARID1B,Avana,ACH-001205,Bone,intact,-0.05240638483988496
ARID1A_to_ARID1B,Avana,ACH-001211,Kidney,intact,-0.1905639663437224
ARID1A_to_ARID1B,Avana,ACH-001212,Kidney,intact,-0.3306830487048699
ARID1A_to_ARID1B,Avana,ACH-001228,Head and Neck,intact,0.026292944747379973
ARID1A_to_ARID1B,Avana,ACH-001229,Head and Neck,intact,0.2243140866438572
ARID1A_to_ARID1B,Avana,ACH-001232,CNS/Brain,intact,0.1790963886213203
ARID1A_to_ARID1B,Avana,ACH-001239,Skin,intact,-0.11949533900415296
ARID1A_to_ARID1B,Avana,ACH-001270,Soft Tissue,intact,-0.10383336805038283
ARID1A_to_ARID1B,Avana,ACH-001274,Soft Tissue,intact,-0.11635304440645183
ARID1A_to_ARID1B,Avana,ACH-001275,Soft Tissue,intact,-0.1608610998098957
ARID1A_to_ARID1B,Avana,ACH-001277,Soft Tissue,intact,0.05261616758952755
ARID1A_to_ARID1B,Avana,ACH-001278,Ovary/Fallopian Tube,intact,-0.25902907538924425
ARID1A_to_ARID1B,Avana,ACH-001279,Ovary/Fallopian Tube,intact,-1.297077228748093
ARID1A_to_ARID1B,Avana,ACH-001280,Soft Tissue,intact,-0.19008084771419445
ARID1A_to_ARID1B,Avana,ACH-001283,Bone,intact,-0.04101059558870508
ARID1A_to_ARID1B,Avana,ACH-001289,CNS/Brain,intact,-0.3694010745855586
ARID1A_to_ARID1B,Avana,ACH-001295,Eye,intact,-0.6978828190742972
ARID1A_to_ARID1B,Avana,ACH-001300,Peripheral Nervous System,intact,-1.1345549629071097
ARID1A_to_ARID1B,Avana,ACH-001301,Peripheral Nervous System,damaging,-0.992197650861653
ARID1A_to_ARID1B,Avana,ACH-001302,Peripheral Nervous System,damaging,-0.6033590008633047
ARID1A_to_ARID1B,Avana,ACH-001303,Peripheral Nervous System,intact,-0.19828193981371067
ARID1A_to_ARID1B,Avana,ACH-001306,Thyroid,intact,-0.5714374717138324
ARID1A_to_ARID1B,Avana,ACH-001307,Thyroid,intact,0.06164066462875314
ARID1A_to_ARID1B,Avana,ACH-001310,Kidney,intact,-0.41933127752825244
ARID1A_to_ARID1B,Avana,ACH-001318,Liver,intact,-7.438509683729833e-05
ARID1A_to_ARID1B,Avana,ACH-001322,Soft Tissue,intact,-0.3784883364195676
ARID1A_to_ARID1B,Avana,ACH-001328,Skin,intact,-0.09712378013295894
ARID1A_to_ARID1B,Avana,ACH-001329,CNS/Brain,intact,-0.047708049304418104
ARID1A_to_ARID1B,Avana,ACH-001333,Cervix,damaging,-0.17298932001275402
ARID1A_to_ARID1B,Avana,ACH-001334,Cervix,intact,-0.15312972075419398
ARID1A_to_ARID1B,Avana,ACH-001335,Cervix,intact,-0.026603109701473747
ARID1A_to_ARID1B,Avana,ACH-001336,Cervix,intact,-0.1842834895289791
ARID1A_to_ARID1B,Avana,ACH-001338,Peripheral Nervous System,intact,-0.06794750852235165
ARID1A_to_ARID1B,Avana,ACH-001340,Ovary/Fallopian Tube,intact,-0.18704905024205415
ARID1A_to_ARID1B,Avana,ACH-001341,Cervix,intact,0.04309748809658263
ARID1A_to_ARID1B,Avana,ACH-001344,Peripheral Nervous System,intact,0.05398847544696578
ARID1A_to_ARID1B,Avana,ACH-001345,Bowel,damaging,-0.009432977674447885
ARID1A_to_ARID1B,Avana,ACH-001346,Head and Neck,intact,-0.05619403729727651
ARID1A_to_ARID1B,Avana,ACH-001347,Head and Neck,intact,0.03760792142843032
ARID1A_to_ARID1B,Avana,ACH-001353,Pancreas,damaging,-2.280699827186554
ARID1A_to_ARID1B,Avana,ACH-001354,Peripheral Nervous System,intact,-0.3132308068599504
ARID1A_to_ARID1B,Avana,ACH-001356,Thyroid,intact,-0.020488819726150312
ARID1A_to_ARID1B,Avana,ACH-001360,Cervix,intact,0.0062441154937564886
ARID1A_to_ARID1B,Avana,ACH-001366,Peripheral Nervous System,intact,-0.04605761605840545
ARID1A_to_ARID1B,Avana,ACH-001367,Peripheral Nervous System,intact,-0.034065520837790256
ARID1A_to_ARID1B,Avana,ACH-001368,Esophagus/Stomach,intact,0.2701711526843287
ARID1A_to_ARID1B,Avana,ACH-001370,Ovary/Fallopian Tube,intact,-0.2386851899315902
ARID1A_to_ARID1B,Avana,ACH-001374,Ovary/Fallopian Tube,intact,-0.008466264659696666
ARID1A_to_ARID1B,Avana,ACH-001375,Pancreas,intact,-0.49712573900806556
ARID1A_to_ARID1B,Avana,ACH-001377,Pancreas,damaging,-1.5205720689394213
ARID1A_to_ARID1B,Avana,ACH-001379,Pancreas,damaging,0.18927640854714767
ARID1A_to_ARID1B,Avana,ACH-001380,Pancreas,damaging,-0.97239926473353
ARID1A_to_ARID1B,Avana,ACH-001382,Pancreas,intact,-0.08434503918700856
ARID1A_to_ARID1B,Avana,ACH-001385,Head and Neck,intact,-0.1742990901028753
ARID1A_to_ARID1B,Avana,ACH-001386,Lung,intact,-0.09329198128195597
ARID1A_to_ARID1B,Avana,ACH-001388,Breast,intact,0.1027930292480548
ARID1A_to_ARID1B,Avana,ACH-001389,Breast,intact,-0.22404585438107022
ARID1A_to_ARID1B,Avana,ACH-001390,Breast,intact,-0.08855382137453033
ARID1A_to_ARID1B,Avana,ACH-001391,Breast,intact,-0.28102940495997697
ARID1A_to_ARID1B,Avana,ACH-001392,Breast,intact,0.029195074525247375
ARID1A_to_ARID1B,Avana,ACH-001393,Breast,intact,0.08767928258129264
ARID1A_to_ARID1B,Avana,ACH-001394,Breast,intact,0.2189360252053432
ARID1A_to_ARID1B,Avana,ACH-001396,Breast,damaging,-0.13819867184363407
ARID1A_to_ARID1B,Avana,ACH-001398,Kidney,intact,0.029219164780729855
ARID1A_to_ARID1B,Avana,ACH-001400,Vulva/Vagina,intact,-0.16424804205667254
ARID1A_to_ARID1B,Avana,ACH-001402,Cervix,intact,0.2532348182291363
ARID1A_to_ARID1B,Avana,ACH-001403,Ovary/Fallopian Tube,intact,-0.36684011962182794
ARID1A_to_ARID1B,Avana,ACH-001407,Bladder/Urinary Tract,intact,-0.05203801844770713
ARID1A_to_ARID1B,Avana,ACH-001408,Bladder/Urinary Tract,intact,0.004158534825712455
ARID1A_to_ARID1B,Avana,ACH-001409,Bladder/Urinary Tract,intact,-0.17169204882299827
ARID1A_to_ARID1B,Avana,ACH-001411,Bladder/Urinary Tract,intact,-0.22358440578537356
ARID1A_to_ARID1B,Avana,ACH-001412,Bladder/Urinary Tract,damaging,-0.6464350155704125
ARID1A_to_ARID1B,Avana,ACH-001413,Bladder/Urinary Tract,intact,-0.11047183368742085
ARID1A_to_ARID1B,Avana,ACH-001414,Bladder/Urinary Tract,damaging,0.001970900056057323
ARID1A_to_ARID1B,Avana,ACH-001415,Bladder/Urinary Tract,intact,-0.016140147222867378
ARID1A_to_ARID1B,Avana,ACH-001416,Bladder/Urinary Tract,intact,0.000819946066822036
ARID1A_to_ARID1B,Avana,ACH-001418,Ovary/Fallopian Tube,intact,-0.06398321118809729
ARID1A_to_ARID1B,Avana,ACH-001419,Breast,intact,-0.028970628695974197
ARID1A_to_ARID1B,Avana,ACH-001421,Eye,intact,-0.14964873957473254
ARID1A_to_ARID1B,Avana,ACH-001422,Prostate,intact,-0.035465466068043114
ARID1A_to_ARID1B,Avana,ACH-001430,Bone,intact,-0.2645361528399661
ARID1A_to_ARID1B,Avana,ACH-001431,Bone,intact,-0.13301803639828022
ARID1A_to_ARID1B,Avana,ACH-001433,Soft Tissue,intact,-0.24830509298678702
ARID1A_to_ARID1B,Avana,ACH-001442,Skin,intact,0.11549942392041937
ARID1A_to_ARID1B,Avana,ACH-001443,Thyroid,intact,0.2561505647814486
ARID1A_to_ARID1B,Avana,ACH-001450,Lymphoid,intact,-0.3288175219104472
ARID1A_to_ARID1B,Avana,ACH-001451,Cervix,intact,-0.4031233841325644
ARID1A_to_ARID1B,Avana,ACH-001453,Prostate,intact,-0.038966690457109474
ARID1A_to_ARID1B,Avana,ACH-001454,Bowel,intact,0.24895392644874664
ARID1A_to_ARID1B,Avana,ACH-001458,Bowel,intact,-0.7166100746635826
ARID1A_to_ARID1B,Avana,ACH-001459,Bowel,intact,-0.0517995572784283
ARID1A_to_ARID1B,Avana,ACH-001460,Bowel,intact,0.04310372015829199
ARID1A_to_ARID1B,Avana,ACH-001461,Bowel,intact,-0.06467921288867276
ARID1A_to_ARID1B,Avana,ACH-001481,Peripheral Nervous System,intact,0.04305653941348586
ARID1A_to_ARID1B,Avana,ACH-001494,Biliary Tract,intact,0.4159436353270909
ARID1A_to_ARID1B,Avana,ACH-001495,Uterus,intact,0.18363023701486453
ARID1A_to_ARID1B,Avana,ACH-001496,Esophagus/Stomach,intact,-0.31035078292995033
ARID1A_to_ARID1B,Avana,ACH-001497,Esophagus/Stomach,intact,-0.44981085582117153
ARID1A_to_ARID1B,Avana,ACH-001498,Lymphoid,intact,0.18467325512550042
ARID1A_to_ARID1B,Avana,ACH-001500,Esophagus/Stomach,intact,-0.2310897023566669
ARID1A_to_ARID1B,Avana,ACH-001509,Head and Neck,intact,-0.3268746506143432
ARID1A_to_ARID1B,Avana,ACH-001510,Head and Neck,intact,0.036287030688996316
ARID1A_to_ARID1B,Avana,ACH-001511,Head and Neck,intact,-0.19926164486795334
ARID1A_to_ARID1B,Avana,ACH-001513,Cervix,intact,-0.08367392069939908
ARID1A_to_ARID1B,Avana,ACH-001515,Cervix,intact,-0.03691601747512073
ARID1A_to_ARID1B,Avana,ACH-001517,Uterus,damaging,-0.6795748211971468
ARID1A_to_ARID1B,Avana,ACH-001518,Uterus,damaging,-0.06588223813558788
ARID1A_to_ARID1B,Avana,ACH-001520,Lymphoid,intact,-0.33547233039744795
ARID1A_to_ARID1B,Avana,ACH-001521,Skin,intact,0.033279506633389626
ARID1A_to_ARID1B,Avana,ACH-001522,Skin,intact,0.22950672310126474
ARID1A_to_ARID1B,Avana,ACH-001523,Skin,intact,-0.3196245814631144
ARID1A_to_ARID1B,Avana,ACH-001524,Skin,intact,0.05510439490485701
ARID1A_to_ARID1B,Avana,ACH-001525,Cervix,intact,-0.7611166074958726
ARID1A_to_ARID1B,Avana,ACH-001526,Bone,intact,0.009761598362660384
ARID1A_to_ARID1B,Avana,ACH-001528,Thyroid,intact,-0.5023304501003834
ARID1A_to_ARID1B,Avana,ACH-001529,Uterus,intact,-0.29648620305294004
ARID1A_to_ARID1B,Avana,ACH-001530,Uterus,intact,0.26749360289237245
ARID1A_to_ARID1B,Avana,ACH-001532,Kidney,intact,-0.5580794860920634
ARID1A_to_ARID1B,Avana,ACH-001533,Lymphoid,intact,0.17086548264892923
ARID1A_to_ARID1B,Avana,ACH-001536,Biliary Tract,intact,-0.31607964549567547
ARID1A_to_ARID1B,Avana,ACH-001538,Biliary Tract,intact,0.023817373184410198
ARID1A_to_ARID1B,Avana,ACH-001539,Lymphoid,intact,0.03605076715030228
ARID1A_to_ARID1B,Avana,ACH-001542,Head and Neck,intact,-0.18044651188377053
ARID1A_to_ARID1B,Avana,ACH-001543,Head and Neck,intact,-0.06471364739184629
ARID1A_to_ARID1B,Avana,ACH-001547,Pleura,intact,-0.06671282504771583
ARID1A_to_ARID1B,Avana,ACH-001548,Peripheral Nervous System,intact,-0.24584522998262337
ARID1A_to_ARID1B,Avana,ACH-001549,Lung,intact,-0.057936634688195
ARID1A_to_ARID1B,Avana,ACH-001550,Skin,intact,0.019718177835233733
ARID1A_to_ARID1B,Avana,ACH-001551,Skin,intact,0.15622572971846335
ARID1A_to_ARID1B,Avana,ACH-001552,Skin,intact,-0.14912081976223712
ARID1A_to_ARID1B,Avana,ACH-001554,Eye,intact,-0.13861652903519156
ARID1A_to_ARID1B,Avana,ACH-001555,Pleura,intact,-0.7277751617561385
ARID1A_to_ARID1B,Avana,ACH-001556,Pleura,intact,-0.513752899845184
ARID1A_to_ARID1B,Avana,ACH-001557,Pleura,intact,0.2514221196319949
ARID1A_to_ARID1B,Avana,ACH-001558,Pleura,intact,-0.4253045328935568
ARID1A_to_ARID1B,Avana,ACH-001559,Pleura,intact,0.0975650678018152
ARID1A_to_ARID1B,Avana,ACH-001560,Pleura,intact,0.6034090918780901
ARID1A_to_ARID1B,Avana,ACH-001562,Pleura,intact,0.14959953822015182
ARID1A_to_ARID1B,Avana,ACH-001563,Skin,intact,-0.03402193873475015
ARID1A_to_ARID1B,Avana,ACH-001566,Skin,intact,-0.5617866834514481
ARID1A_to_ARID1B,Avana,ACH-001567,Skin,intact,-0.755866739445898
ARID1A_to_ARID1B,Avana,ACH-001568,Skin,intact,0.023517666644286346
ARID1A_to_ARID1B,Avana,ACH-001570,Skin,intact,-0.05633553484951878
ARID1A_to_ARID1B,Avana,ACH-001574,Myeloid,intact,-0.8818638782207991
ARID1A_to_ARID1B,Avana,ACH-001577,Myeloid,intact,-0.036348584738804326
ARID1A_to_ARID1B,Avana,ACH-001607,Biliary Tract,intact,-0.08806032781476478
ARID1A_to_ARID1B,Avana,ACH-001608,CNS/Brain,intact,-0.2815393399566055
ARID1A_to_ARID1B,Avana,ACH-001609,CNS/Brain,intact,-0.0027872180532863833
ARID1A_to_ARID1B,Avana,ACH-001610,CNS/Brain,intact,-0.09060068177210975
ARID1A_to_ARID1B,Avana,ACH-001611,CNS/Brain,intact,-0.1445785992050972
ARID1A_to_ARID1B,Avana,ACH-001616,Lymphoid,intact,-0.35199197756703304
ARID1A_to_ARID1B,Avana,ACH-001618,Myeloid,intact,0.03350392495556184
ARID1A_to_ARID1B,Avana,ACH-001619,Biliary Tract,intact,-0.8732664174130358
ARID1A_to_ARID1B,Avana,ACH-001622,CNS/Brain,intact,-0.4912971181106273
ARID1A_to_ARID1B,Avana,ACH-001623,CNS/Brain,intact,-0.3780011227667949
ARID1A_to_ARID1B,Avana,ACH-001624,CNS/Brain,intact,-0.04472056202513214
ARID1A_to_ARID1B,Avana,ACH-001627,Prostate,intact,-0.4149263884841362
ARID1A_to_ARID1B,Avana,ACH-001628,Ovary/Fallopian Tube,intact,0.17013792977664813
ARID1A_to_ARID1B,Avana,ACH-001630,Ovary/Fallopian Tube,intact,-0.06734322940207975
ARID1A_to_ARID1B,Avana,ACH-001634,Lymphoid,intact,-0.10366816692101644
ARID1A_to_ARID1B,Avana,ACH-001641,Head and Neck,intact,-0.08002733670626816
ARID1A_to_ARID1B,Avana,ACH-001645,Skin,intact,-0.2183502067360493
ARID1A_to_ARID1B,Avana,ACH-001647,Myeloid,intact,-0.0012499323945311114
ARID1A_to_ARID1B,Avana,ACH-001648,Prostate,intact,0.020147408024871902
ARID1A_to_ARID1B,Avana,ACH-001649,Prostate,intact,0.0978345527552848
ARID1A_to_ARID1B,Avana,ACH-001650,Cervix,intact,-0.2864352304589713
ARID1A_to_ARID1B,Avana,ACH-001651,Cervix,intact,0.19167685836175474
ARID1A_to_ARID1B,Avana,ACH-001652,Cervix,intact,0.04176389438964319
ARID1A_to_ARID1B,Avana,ACH-001653,Esophagus/Stomach,intact,-0.27250943348300094
ARID1A_to_ARID1B,Avana,ACH-001654,Esophagus/Stomach,intact,0.23296984911732338
ARID1A_to_ARID1B,Avana,ACH-001655,Uterus,intact,-0.09282328148384164
ARID1A_to_ARID1B,Avana,ACH-001656,Myeloid,intact,-0.021408111329903612
ARID1A_to_ARID1B,Avana,ACH-001664,Esophagus/Stomach,damaging,0.02033094041050887
ARID1A_to_ARID1B,Avana,ACH-001668,Testis,intact,-0.7842320413760575
ARID1A_to_ARID1B,Avana,ACH-001669,Lymphoid,intact,-0.024978845924874916
ARID1A_to_ARID1B,Avana,ACH-001670,CNS/Brain,intact,-0.25600786271393794
ARID1A_to_ARID1B,Avana,ACH-001673,Biliary Tract,intact,-0.07755680707988791
ARID1A_to_ARID1B,Avana,ACH-001674,Peripheral Nervous System,intact,0.12701933217500724
ARID1A_to_ARID1B,Avana,ACH-001675,Head and Neck,intact,-0.3046665605112736
ARID1A_to_ARID1B,Avana,ACH-001677,Lymphoid,intact,0.2623151486807287
ARID1A_to_ARID1B,Avana,ACH-001685,Lymphoid,intact,0.2886554091499177
ARID1A_to_ARID1B,Avana,ACH-001687,Kidney,intact,-0.3326640414764035
ARID1A_to_ARID1B,Avana,ACH-001688,Kidney,intact,0.0107276048836756
ARID1A_to_ARID1B,Avana,ACH-001690,Head and Neck,intact,-0.28502749417277673
ARID1A_to_ARID1B,Avana,ACH-001691,Head and Neck,intact,-0.2552295216285513
ARID1A_to_ARID1B,Avana,ACH-001692,Head and Neck,intact,0.053903000472869306
ARID1A_to_ARID1B,Avana,ACH-001694,Head and Neck,intact,-0.1928285233195125
ARID1A_to_ARID1B,Avana,ACH-001696,Head and Neck,intact,0.19811735241456574
ARID1A_to_ARID1B,Avana,ACH-001698,Head and Neck,intact,0.17187772220631722
ARID1A_to_ARID1B,Avana,ACH-001699,Head and Neck,intact,0.3879964177234959
ARID1A_to_ARID1B,Avana,ACH-001701,Head and Neck,intact,-0.2590110344615461
ARID1A_to_ARID1B,Avana,ACH-001702,Soft Tissue,intact,-0.7380748207117733
ARID1A_to_ARID1B,Avana,ACH-001707,Lymphoid,intact,-0.35988875193096126
ARID1A_to_ARID1B,Avana,ACH-001709,Lymphoid,intact,-0.3718412600299055
ARID1A_to_ARID1B,Avana,ACH-001711,CNS/Brain,intact,0.0002534971524195684
ARID1A_to_ARID1B,Avana,ACH-001715,Bone,intact,0.0016259722642716495
ARID1A_to_ARID1B,Avana,ACH-001719,Ovary/Fallopian Tube,intact,-0.03983299545808881
ARID1A_to_ARID1B,Avana,ACH-001735,Lymphoid,intact,-0.4104388640056224
ARID1A_to_ARID1B,Avana,ACH-001736,Lymphoid,intact,-0.6335806997090936
ARID1A_to_ARID1B,Avana,ACH-001737,Lymphoid,intact,-0.37173383281114525
ARID1A_to_ARID1B,Avana,ACH-001740,Soft Tissue,intact,-0.16792402348725943
ARID1A_to_ARID1B,Avana,ACH-001745,Soft Tissue,intact,-0.014248997084916866
ARID1A_to_ARID1B,Avana,ACH-001750,Soft Tissue,intact,-0.3387104894057208
ARID1A_to_ARID1B,Avana,ACH-001765,Soft Tissue,intact,-0.1241440477180464
ARID1A_to_ARID1B,Avana,ACH-001786,Bowel,damaging,-0.029662538898202043
ARID1A_to_ARID1B,Avana,ACH-001791,Soft Tissue,intact,0.08778346500932875
ARID1A_to_ARID1B,Avana,ACH-001793,Soft Tissue,intact,-0.11914657714127327
ARID1A_to_ARID1B,Avana,ACH-001794,Soft Tissue,intact,-0.3140622131643682
ARID1A_to_ARID1B,Avana,ACH-001795,Soft Tissue,intact,-0.30842099922554533
ARID1A_to_ARID1B,Avana,ACH-001796,Soft Tissue,intact,-0.26227436766734613
ARID1A_to_ARID1B,Avana,ACH-001799,Soft Tissue,intact,0.09688575462141893
ARID1A_to_ARID1B,Avana,ACH-001802,Soft Tissue,intact,0.03123824389116386
ARID1A_to_ARID1B,Avana,ACH-001804,Soft Tissue,intact,-0.4162745426785834
ARID1A_to_ARID1B,Avana,ACH-001814,Bone,intact,-0.09248159307240006
ARID1A_to_ARID1B,Avana,ACH-001819,Breast,damaging,0.11649318791534968
ARID1A_to_ARID1B,Avana,ACH-001820,Breast,intact,0.12802387992762354
ARID1A_to_ARID1B,Avana,ACH-001834,Biliary Tract,intact,-0.5403943507483375
ARID1A_to_ARID1B,Avana,ACH-001835,Biliary Tract,intact,-0.1418375841282331
ARID1A_to_ARID1B,Avana,ACH-001836,Biliary Tract,intact,-0.3043717880921118
ARID1A_to_ARID1B,Avana,ACH-001838,Biliary Tract,intact,-0.015011401907260372
ARID1A_to_ARID1B,Avana,ACH-001839,Biliary Tract,intact,0.11033376460173594
ARID1A_to_ARID1B,Avana,ACH-001841,Biliary Tract,intact,-0.03679420354650198
ARID1A_to_ARID1B,Avana,ACH-001842,Biliary Tract,intact,-0.21801304995048548
ARID1A_to_ARID1B,Avana,ACH-001843,Biliary Tract,damaging,-1.80499768485653
ARID1A_to_ARID1B,Avana,ACH-001844,Biliary Tract,damaging,-1.1111097321369252
ARID1A_to_ARID1B,Avana,ACH-001848,Biliary Tract,intact,0.382245362682335
ARID1A_to_ARID1B,Avana,ACH-001849,Biliary Tract,intact,-0.19856529678950974
ARID1A_to_ARID1B,Avana,ACH-001850,Biliary Tract,intact,0.30402037741697585
ARID1A_to_ARID1B,Avana,ACH-001852,Biliary Tract,intact,-0.15790968997424001
ARID1A_to_ARID1B,Avana,ACH-001853,Liver,damaging,-0.4739131603099166
ARID1A_to_ARID1B,Avana,ACH-001856,Biliary Tract,intact,-0.17387969774763518
ARID1A_to_ARID1B,Avana,ACH-001857,Biliary Tract,intact,-0.4202836260711828
ARID1A_to_ARID1B,Avana,ACH-001858,Biliary Tract,intact,0.06403344699571165
ARID1A_to_ARID1B,Avana,ACH-001861,Biliary Tract,intact,-0.3751985889014415
ARID1A_to_ARID1B,Avana,ACH-001862,Ampulla of Vater,intact,0.38943152518857527
ARID1A_to_ARID1B,Avana,ACH-001863,Biliary Tract,intact,0.21176158694172637
ARID1A_to_ARID1B,Avana,ACH-001864,Biliary Tract,intact,0.1339502766326732
ARID1A_to_ARID1B,Avana,ACH-001959,Biliary Tract,intact,-0.2690019908141714
ARID1A_to_ARID1B,Avana,ACH-001960,Biliary Tract,intact,-0.16260825294953932
ARID1A_to_ARID1B,Avana,ACH-001961,Biliary Tract,damaging,0.4844796180743107
ARID1A_to_ARID1B,Avana,ACH-001970,Skin,intact,-0.24075684495895944
ARID1A_to_ARID1B,Avana,ACH-001973,Skin,intact,0.08464206537217349
ARID1A_to_ARID1B,Avana,ACH-001977,Pleura,intact,0.1696715247028111
ARID1A_to_ARID1B,Avana,ACH-001982,Skin,intact,-0.007235361822490877
ARID1A_to_ARID1B,Avana,ACH-001986,Skin,intact,-0.45582257275933663
ARID1A_to_ARID1B,Avana,ACH-001990,Skin,intact,0.26779521726771105
ARID1A_to_ARID1B,Avana,ACH-001991,Ovary/Fallopian Tube,damaging,-1.131161374177756
ARID1A_to_ARID1B,Avana,ACH-001992,Pleura,intact,-0.19823948763390925
ARID1A_to_ARID1B,Avana,ACH-001993,Lymphoid,intact,-0.11331969905589329
ARID1A_to_ARID1B,Avana,ACH-001997,Biliary Tract,intact,0.05538374770914168
ARID1A_to_ARID1B,Avana,ACH-001999,Pancreas,intact,0.07924276413477047
ARID1A_to_ARID1B,Avana,ACH-002001,Skin,intact,0.17863117820133684
ARID1A_to_ARID1B,Avana,ACH-002002,Skin,intact,-0.17825062982763745
ARID1A_to_ARID1B,Avana,ACH-002003,Skin,intact,-0.07652451513210771
ARID1A_to_ARID1B,Avana,ACH-002005,Skin,intact,-0.19705637651745445
ARID1A_to_ARID1B,Avana,ACH-002014,Eye,intact,0.1261429631783107
ARID1A_to_ARID1B,Avana,ACH-002015,Eye,intact,0.04181919331622454
ARID1A_to_ARID1B,Avana,ACH-002016,Eye,intact,-0.373903716529735
ARID1A_to_ARID1B,Avana,ACH-002018,Eye,intact,0.06167938687073352
ARID1A_to_ARID1B,Avana,ACH-002019,Cervix,intact,-0.0011426425684412309
ARID1A_to_ARID1B,Avana,ACH-002020,Cervix,intact,0.19683162511989458
ARID1A_to_ARID1B,Avana,ACH-002021,Uterus,intact,-0.004297831665025134
ARID1A_to_ARID1B,Avana,ACH-002023,Ampulla of Vater,intact,-0.042671988994394686
ARID1A_to_ARID1B,Avana,ACH-002024,Bowel,intact,-0.05265604891941292
ARID1A_to_ARID1B,Avana,ACH-002025,Bowel,intact,0.3883916894794429
ARID1A_to_ARID1B,Avana,ACH-002026,Uterus,damaging,-0.25888852611147606
ARID1A_to_ARID1B,Avana,ACH-002027,Uterus,damaging,-1.4692154431442113
ARID1A_to_ARID1B,Avana,ACH-002029,Head and Neck,intact,-0.3087084595662301
ARID1A_to_ARID1B,Avana,ACH-002030,Head and Neck,intact,0.1845765434182764
ARID1A_to_ARID1B,Avana,ACH-002035,Lung,intact,-0.2981589599404929
ARID1A_to_ARID1B,Avana,ACH-002039,Pancreas,intact,-0.5753033976633901
ARID1A_to_ARID1B,Avana,ACH-002040,Vulva/Vagina,intact,-0.20007293527272196
ARID1A_to_ARID1B,Avana,ACH-002041,Thyroid,intact,-0.018822738952728405
ARID1A_to_ARID1B,Avana,ACH-002042,Head and Neck,intact,0.18324329766708927
ARID1A_to_ARID1B,Avana,ACH-002043,Head and Neck,intact,0.22628417898921563
ARID1A_to_ARID1B,Avana,ACH-002044,Head and Neck,intact,0.0037492731852002397
ARID1A_to_ARID1B,Avana,ACH-002045,Head and Neck,intact,-0.05679593121922367
ARID1A_to_ARID1B,Avana,ACH-002046,Uterus,damaging,-1.2310503750863702
ARID1A_to_ARID1B,Avana,ACH-002048,Soft Tissue,intact,0.1292074641242471
ARID1A_to_ARID1B,Avana,ACH-002051,Lung,intact,-0.06029252577643168
ARID1A_to_ARID1B,Avana,ACH-002059,Lymphoid,intact,-0.13017875773725462
ARID1A_to_ARID1B,Avana,ACH-002061,Myeloid,intact,-0.12779463156421922
ARID1A_to_ARID1B,Avana,ACH-002062,Lymphoid,intact,-1.0041770564151813
ARID1A_to_ARID1B,Avana,ACH-002066,Peripheral Nervous System,intact,-0.2053157109151752
ARID1A_to_ARID1B,Avana,ACH-002067,Bone,intact,0.12726532214400077
ARID1A_to_ARID1B,Avana,ACH-002069,Bone,intact,0.3165162299424712
ARID1A_to_ARID1B,Avana,ACH-002070,CNS/Brain,intact,-0.6316938544884704
ARID1A_to_ARID1B,Avana,ACH-002077,Lung,intact,0.07882102482468588
ARID1A_to_ARID1B,Avana,ACH-002080,Peripheral Nervous System,intact,-0.013495734227056334
ARID1A_to_ARID1B,Avana,ACH-002084,Skin,intact,0.19969223415619994
ARID1A_to_ARID1B,Avana,ACH-002214,Lymphoid,intact,-0.09536815141386812
ARID1A_to_ARID1B,Avana,ACH-002215,Lymphoid,intact,0.11824117755726032
ARID1A_to_ARID1B,Avana,ACH-002291,Testis,intact,-0.4041058418184563
ARID1A_to_ARID1B,Avana,ACH-002399,Breast,intact,0.2263575694599762
ARID1A_to_ARID1B,Avana,ACH-002446,Esophagus/Stomach,intact,-0.05653971986425045
ARID1A_to_ARID1B,Avana,ACH-002458,Skin,intact,-0.3466969017121874
ARID1A_to_ARID1B,Avana,ACH-002459,Skin,intact,0.012250615967060424
ARID1A_to_ARID1B,Avana,ACH-002460,Skin,intact,-0.4015583590129913
ARID1A_to_ARID1B,Avana,ACH-002461,Skin,damaging,-0.8964596179296422
ARID1A_to_ARID1B,Avana,ACH-002462,Eye,intact,-0.21564241265252482
ARID1A_to_ARID1B,Avana,ACH-002463,Eye,intact,-0.26190952216311114
ARID1A_to_ARID1B,Avana,ACH-002464,Eye,intact,0.17119610084987386
ARID1A_to_ARID1B,Avana,ACH-002465,Eye,intact,0.02555740133458523
ARID1A_to_ARID1B,Avana,ACH-002467,Eye,intact,0.9340960119754635
ARID1A_to_ARID1B,Avana,ACH-002471,Bone,intact,0.10152803097436311
ARID1A_to_ARID1B,Avana,ACH-002478,Lymphoid,damaging,-0.5110612432193196
ARID1A_to_ARID1B,Avana,ACH-002485,Lymphoid,intact,0.18130096289591657
ARID1A_to_ARID1B,Avana,ACH-002486,Ovary/Fallopian Tube,intact,0.1498457207005326
ARID1A_to_ARID1B,Avana,ACH-002508,Skin,damaging,-1.1631925860257155
ARID1A_to_ARID1B,Avana,ACH-002510,Skin,intact,-0.4089968160333383
ARID1A_to_ARID1B,Avana,ACH-002511,Skin,intact,-0.08139795395733748
ARID1A_to_ARID1B,Avana,ACH-002512,Skin,intact,-0.18208775973563363
ARID1A_to_ARID1B,Avana,ACH-002522,Lung,intact,-0.1814533882532987
ARID1A_to_ARID1B,Avana,ACH-002523,Liver,intact,0.3025130498142144
ARID1A_to_ARID1B,Avana,ACH-002524,Ovary/Fallopian Tube,intact,-0.16339277549913198
ARID1A_to_ARID1B,Avana,ACH-002526,Lung,intact,0.1736155407243687
ARID1A_to_ARID1B,Avana,ACH-002531,Lung,intact,0.3035505112113861
ARID1A_to_ARID1B,Avana,ACH-002533,Kidney,intact,-0.0742561249260412
ARID1A_to_ARID1B,Avana,ACH-002535,Bowel,damaging,-0.3666190818795485
ARID1A_to_ARID1B,Avana,ACH-002647,Biliary Tract,damaging,-0.1272778034654971
ARID1A_to_ARID1B,Avana,ACH-002650,Lung,intact,0.019782373383142912
ARID1A_to_ARID1B,Avana,ACH-002654,Bowel,intact,-0.3258499486613355
ARID1A_to_ARID1B,Avana,ACH-002659,Bowel,intact,0.07058449440066067
ARID1A_to_ARID1B,Avana,ACH-002664,Bowel,intact,-0.15972320613642976
ARID1A_to_ARID1B,Avana,ACH-002669,Bowel,intact,0.3162044975377998
ARID1A_to_ARID1B,Avana,ACH-002672,Pancreas,intact,-0.15799627384836593
ARID1A_to_ARID1B,Avana,ACH-002680,CNS/Brain,intact,-0.40188570978466803
ARID1A_to_ARID1B,Avana,ACH-002687,Eye,intact,-0.6241554238376219
ARID1A_to_ARID1B,Avana,ACH-002693,Peripheral Nervous System,intact,0.1260407548314167
ARID1A_to_ARID1B,Avana,ACH-002710,Peripheral Nervous System,intact,-0.17725486792251077
ARID1A_to_ARID1B,Avana,ACH-002785,Soft Tissue,intact,0.19711459329536704
ARID1A_to_ARID1B,Avana,ACH-002799,Peripheral Nervous System,intact,-0.04381071661702016
ARID1A_to_ARID1B,Avana,ACH-002800,Peripheral Nervous System,intact,0.13764180819520658
ARID1A_to_ARID1B,Avana,ACH-002834,Bone,intact,0.03796538606912708
ARID1A_to_ARID1B,Avana,ACH-002847,Skin,intact,-0.28633678312805333
ARID1A_to_ARID1B,Avana,ACH-002922,Peripheral Nervous System,intact,0.013997536446450673
ARID1A_to_ARID1B,Avana,ACH-002925,Eye,intact,-0.23866700922377945
ARID1A_to_ARID1B,Avana,ACH-002926,Eye,intact,0.2864407283808625
ARID1A_to_ARID1B,KY,ACH-000001,Ovary/Fallopian Tube,intact,-0.12320570792948185
ARID1A_to_ARID1B,KY,ACH-000007,Bowel,intact,0.2729466074736641
ARID1A_to_ARID1B,KY,ACH-000009,Bowel,intact,0.5017937677165066
ARID1A_to_ARID1B,KY,ACH-000019,Breast,intact,0.1084476512926665
ARID1A_to_ARID1B,KY,ACH-000023,Pancreas,intact,-0.05183534126011691
ARID1A_to_ARID1B,KY,ACH-000024,Lymphoid,intact,0.13068700224964933
ARID1A_to_ARID1B,KY,ACH-000030,Lung,intact,0.21729189556997497
ARID1A_to_ARID1B,KY,ACH-000035,Lung,intact,0.191836595859049
ARID1A_to_ARID1B,KY,ACH-000042,Pancreas,intact,-0.12292692408535547
ARID1A_to_ARID1B,KY,ACH-000048,Ovary/Fallopian Tube,intact,0.12363109312287901
ARID1A_to_ARID1B,KY,ACH-000060,Pancreas,intact,0.031129844059513634
ARID1A_to_ARID1B,KY,ACH-000067,CNS/Brain,intact,-0.49906448443515394
ARID1A_to_ARID1B,KY,ACH-000075,CNS/Brain,intact,-0.18194425800378955
ARID1A_to_ARID1B,KY,ACH-000094,Pancreas,intact,0.2218895450730276
ARID1A_to_ARID1B,KY,ACH-000098,CNS/Brain,intact,-0.037493248074874
ARID1A_to_ARID1B,KY,ACH-000103,Ovary/Fallopian Tube,intact,0.36849014740235914
ARID1A_to_ARID1B,KY,ACH-000108,Pancreas,damaging,-0.5534140270592216
ARID1A_to_ARID1B,KY,ACH-000111,Breast,intact,0.6751453764321331
ARID1A_to_ARID1B,KY,ACH-000113,Myeloid,intact,0.15295456836550456
ARID1A_to_ARID1B,KY,ACH-000114,Pancreas,intact,0.007321185798926859
ARID1A_to_ARID1B,KY,ACH-000118,Pancreas,intact,-0.25632914602993895
ARID1A_to_ARID1B,KY,ACH-000120,Peripheral Nervous System,intact,-0.4592750530663259
ARID1A_to_ARID1B,KY,ACH-000124,Lymphoid,damaging,-2.0102709649313275
ARID1A_to_ARID1B,KY,ACH-000132,Ovary/Fallopian Tube,intact,-0.037141887134596964
ARID1A_to_ARID1B,KY,ACH-000137,CNS/Brain,intact,-0.280280209630333
ARID1A_to_ARID1B,KY,ACH-000139,Pancreas,intact,-0.08741355275660652
ARID1A_to_ARID1B,KY,ACH-000144,Esophagus/Stomach,intact,0.24257314818863387
ARID1A_to_ARID1B,KY,ACH-000147,Breast,damaging,-0.42914515534983844
ARID1A_to_ARID1B,KY,ACH-000148,Breast,intact,0.11482057317697258
ARID1A_to_ARID1B,KY,ACH-000149,Peripheral Nervous System,intact,-0.3629405699182226
ARID1A_to_ARID1B,KY,ACH-000155,Pancreas,intact,0.17641383231373553
ARID1A_to_ARID1B,KY,ACH-000176,Lung,intact,0.3393154402784706
ARID1A_to_ARID1B,KY,ACH-000181,Head and Neck,intact,0.460173247328552
ARID1A_to_ARID1B,KY,ACH-000183,Lymphoid,intact,-0.2615338701049904
ARID1A_to_ARID1B,KY,ACH-000192,Uterus,intact,-0.02997398502667238
ARID1A_to_ARID1B,KY,ACH-000200,CNS/Brain,intact,-0.2950398724068007
ARID1A_to_ARID1B,KY,ACH-000204,Lymphoid,intact,0.16165169145902844
ARID1A_to_ARID1B,KY,ACH-000207,Head and Neck,intact,0.1773587073100836
ARID1A_to_ARID1B,KY,ACH-000213,Pancreas,intact,-0.32954866541000233
ARID1A_to_ARID1B,KY,ACH-000219,Skin,intact,0.1386453845946499
ARID1A_to_ARID1B,KY,ACH-000222,Pancreas,intact,0.057130339351703606
ARID1A_to_ARID1B,KY,ACH-000223,Breast,intact,0.06439082798186693
ARID1A_to_ARID1B,KY,ACH-000227,Peripheral Nervous System,intact,-0.8026225303955304
ARID1A_to_ARID1B,KY,ACH-000232,CNS/Brain,intact,-0.10926071228688572
ARID1A_to_ARID1B,KY,ACH-000235,Pancreas,intact,0.3259614309246656
ARID1A_to_ARID1B,KY,ACH-000238,Head and Neck,intact,0.36008294465318486
ARID1A_to_ARID1B,KY,ACH-000243,Pancreas,intact,-0.06616970167310408
ARID1A_to_ARID1B,KY,ACH-000244,CNS/Brain,intact,-0.09855297966685819
ARID1A_to_ARID1B,KY,ACH-000248,Breast,intact,0.08792109488739021
ARID1A_to_ARID1B,KY,ACH-000249,Bowel,intact,0.23750692065080034
ARID1A_to_ARID1B,KY,ACH-000252,Bowel,intact,-0.46471244312861776
ARID1A_to_ARID1B,KY,ACH-000260,Peripheral Nervous System,intact,0.07387929776637238
ARID1A_to_ARID1B,KY,ACH-000265,Pancreas,intact,0.12103875132855303
ARID1A_to_ARID1B,KY,ACH-000269,CNS/Brain,intact,-0.21003258221289708
ARID1A_to_ARID1B,KY,ACH-000271,Lymphoid,intact,-0.12569876346095646
ARID1A_to_ARID1B,KY,ACH-000273,CNS/Brain,intact,-0.07605518902807953
ARID1A_to_ARID1B,KY,ACH-000276,Breast,intact,0.36149498264622615
ARID1A_to_ARID1B,KY,ACH-000291,Ovary/Fallopian Tube,intact,0.0066269562383039875
ARID1A_to_ARID1B,KY,ACH-000293,Uterus,intact,0.12843402788547345
ARID1A_to_ARID1B,KY,ACH-000305,Esophagus/Stomach,intact,0.13487762581312107
ARID1A_to_ARID1B,KY,ACH-000308,Ovary/Fallopian Tube,intact,-0.0400638569928643
ARID1A_to_ARID1B,KY,ACH-000318,Esophagus/Stomach,intact,-0.1608775517011122
ARID1A_to_ARID1B,KY,ACH-000320,Pancreas,damaging,0.14824359817809268
ARID1A_to_ARID1B,KY,ACH-000323,CNS/Brain,intact,-0.3480654866535158
ARID1A_to_ARID1B,KY,ACH-000336,Myeloid,intact,0.04906396024159291
ARID1A_to_ARID1B,KY,ACH-000337,Lung,intact,-0.43885842373524553
ARID1A_to_ARID1B,KY,ACH-000341,Peripheral Nervous System,intact,0.11631978025834096
ARID1A_to_ARID1B,KY,ACH-000350,Bowel,intact,0.24237960854510318
ARID1A_to_ARID1B,KY,ACH-000354,Pancreas,intact,-0.25059679950613084
ARID1A_to_ARID1B,KY,ACH-000366,Peripheral Nervous System,intact,0.0815553276609939
ARID1A_to_ARID1B,KY,ACH-000367,Pleura,intact,-0.23877499554421547
ARID1A_to_ARID1B,KY,ACH-000374,Breast,intact,0.26758101909066306
ARID1A_to_ARID1B,KY,ACH-000376,CNS/Brain,intact,-0.0975831739921357
ARID1A_to_ARID1B,KY,ACH-000381,Bowel,intact,-0.4442599525811257
ARID1A_to_ARID1B,KY,ACH-000383,Esophagus/Stomach,intact,-0.5093185076601962
ARID1A_to_ARID1B,KY,ACH-000391,Bone,intact,0.028762348256238385
ARID1A_to_ARID1B,KY,ACH-000395,Lung,intact,0.057942968271172283
ARID1A_to_ARID1B,KY,ACH-000408,Esophagus/Stomach,intact,0.2304196270402231
ARID1A_to_ARID1B,KY,ACH-000411,Kidney,intact,0.10749051089655148
ARID1A_to_ARID1B,KY,ACH-000414,Lung,intact,0.16115357327507943
ARID1A_to_ARID1B,KY,ACH-000417,Pancreas,intact,0.6447233489071232
ARID1A_to_ARID1B,KY,ACH-000421,Bowel,intact,0.09741347053987326
ARID1A_to_ARID1B,KY,ACH-000424,Bone,intact,-0.2232311067218439
ARID1A_to_ARID1B,KY,ACH-000427,Esophagus/Stomach,intact,-0.15046843079109595
ARID1A_to_ARID1B,KY,ACH-000430,Ovary/Fallopian Tube,intact,-0.08042540005859444
ARID1A_to_ARID1B,KY,ACH-000434,Lung,intact,0.26022906215302655
ARID1A_to_ARID1B,KY,ACH-000437,CNS/Brain,damaging,-0.2692719086094888
ARID1A_to_ARID1B,KY,ACH-000438,Lung,intact,0.3647597605707902
ARID1A_to_ARID1B,KY,ACH-000442,Lung,intact,0.30794935330768297
ARID1A_to_ARID1B,KY,ACH-000452,Esophagus/Stomach,intact,-0.05983637019006884
ARID1A_to_ARID1B,KY,ACH-000464,CNS/Brain,intact,-0.10912437105234744
ARID1A_to_ARID1B,KY,ACH-000469,CNS/Brain,intact,-1.0757808412420848
ARID1A_to_ARID1B,KY,ACH-000481,Lung,intact,0.2661428563069464
ARID1A_to_ARID1B,KY,ACH-000501,Bowel,intact,-0.22831273648525222
ARID1A_to_ARID1B,KY,ACH-000504,CNS/Brain,intact,-0.12743590544975708
ARID1A_to_ARID1B,KY,ACH-000505,Soft Tissue,intact,-0.0646151279559024
ARID1A_to_ARID1B,KY,ACH-000510,Lung,intact,0.003337930564666025
ARID1A_to_ARID1B,KY,ACH-000518,Head and Neck,intact,-0.18589892056815235
ARID1A_to_ARID1B,KY,ACH-000524,Ovary/Fallopian Tube,intact,0.08852871658903483
ARID1A_to_ARID1B,KY,ACH-000527,Ovary/Fallopian Tube,damaging,-1.604417779405607
ARID1A_to_ARID1B,KY,ACH-000532,Bowel,intact,-0.1824845170732733
ARID1A_to_ARID1B,KY,ACH-000535,Pancreas,intact,-0.15009399006334162
ARID1A_to_ARID1B,KY,ACH-000544,Esophagus/Stomach,intact,0.13750036828539625
ARID1A_to_ARID1B,KY,ACH-000546,Head and Neck,intact,0.13425760396587338
ARID1A_to_ARID1B,KY,ACH-000548,Head and Neck,intact,0.22690174755440293
ARID1A_to_ARID1B,KY,ACH-000552,Bowel,intact,0.32010449604930863
ARID1A_to_ARID1B,KY,ACH-000554,Breast,intact,0.171999238817128
ARID1A_to_ARID1B,KY,ACH-000558,CNS/Brain,intact,-0.38137297474118137
ARID1A_to_ARID1B,KY,ACH-000561,Esophagus/Stomach,intact,-0.3991187705644355
ARID1A_to_ARID1B,KY,ACH-000562,Lung,intact,-0.14096730524705284
ARID1A_to_ARID1B,KY,ACH-000563,Lung,intact,0.6066775020597109
ARID1A_to_ARID1B,KY,ACH-000565,Bowel,intact,0.29734871279526764
ARID1A_to_ARID1B,KY,ACH-000571,CNS/Brain,intact,-0.14497390724606163
ARID1A_to_ARID1B,KY,ACH-000573,Breast,intact,0.10768616590404358
ARID1A_to_ARID1B,KY,ACH-000581,Esophagus/Stomach,damaging,-0.0722131402244823
ARID1A_to_ARID1B,KY,ACH-000584,Ovary/Fallopian Tube,intact,-0.03746104283059457
ARID1A_to_ARID1B,KY,ACH-000585,Lung,intact,0.2824603807825432
ARID1A_to_ARID1B,KY,ACH-000587,Lung,intact,0.10467077577170995
ARID1A_to_ARID1B,KY,ACH-000595,CNS/Brain,intact,-0.14954185580372142
ARID1A_to_ARID1B,KY,ACH-000596,Lung,intact,-0.05626816723797277
ARID1A_to_ARID1B,KY,ACH-000599,Pancreas,damaging,0.1161560083597545
ARID1A_to_ARID1B,KY,ACH-000601,Pancreas,damaging,0.29100157113778075
ARID1A_to_ARID1B,KY,ACH-000609,CNS/Brain,intact,0.04872712653968475
ARID1A_to_ARID1B,KY,ACH-000619,Head and Neck,intact,0.07580877825310132
ARID1A_to_ARID1B,KY,ACH-000622,CNS/Brain,intact,-0.08933603463321836
ARID1A_to_ARID1B,KY,ACH-000624,Breast,intact,-0.041871952074329095
ARID1A_to_ARID1B,KY,ACH-000637,Esophagus/Stomach,intact,0.43451086225588936
ARID1A_to_ARID1B,KY,ACH-000651,Bowel,intact,0.10807783087660723
ARID1A_to_ARID1B,KY,ACH-000652,Pancreas,damaging,0.2328945406651192
ARID1A_to_ARID1B,KY,ACH-000656,Lymphoid,intact,-1.1695419500054114
ARID1A_to_ARID1B,KY,ACH-000657,Ovary/Fallopian Tube,damaging,0.4371623050684814
ARID1A_to_ARID1B,KY,ACH-000660,Lymphoid,intact,-0.21887308453560675
ARID1A_to_ARID1B,KY,ACH-000662,Lung,intact,0.12364672558727703
ARID1A_to_ARID1B,KY,ACH-000665,Lung,intact,0.3059675320524048
ARID1A_to_ARID1B,KY,ACH-000666,Lung,intact,0.286566679886901
ARID1A_to_ARID1B,KY,ACH-000668,Breast,intact,0.4116834401853512
ARID1A_to_ARID1B,KY,ACH-000677,Lung,intact,0.18682382830087238
ARID1A_to_ARID1B,KY,ACH-000681,Lung,intact,-0.054456440148828625
ARID1A_to_ARID1B,KY,ACH-000694,Esophagus/Stomach,intact,-0.020662529005837458
ARID1A_to_ARID1B,KY,ACH-000696,Ovary/Fallopian Tube,intact,0.06837842708553998
ARID1A_to_ARID1B,KY,ACH-000699,Breast,intact,0.03067117345180262
ARID1A_to_ARID1B,KY,ACH-000704,Ovary/Fallopian Tube,damaging,-0.08601291055693788
ARID1A_to_ARID1B,KY,ACH-000711,Breast,intact,0.21975980916768176
ARID1A_to_ARID1B,KY,ACH-000714,Lymphoid,intact,-0.12931113155458965
ARID1A_to_ARID1B,KY,ACH-000717,Esophagus/Stomach,intact,0.28819249955690934
ARID1A_to_ARID1B,KY,ACH-000719,Ovary/Fallopian Tube,intact,0.01661801962546057
ARID1A_to_ARID1B,KY,ACH-000722,Bowel,intact,0.16267710894618356
ARID1A_to_ARID1B,KY,ACH-000738,CNS/Brain,intact,-0.020453267597456082
ARID1A_to_ARID1B,KY,ACH-000740,Head and Neck,intact,-0.10890780238657888
ARID1A_to_ARID1B,KY,ACH-000748,Bone,intact,0.37877964118769647
ARID1A_to_ARID1B,KY,ACH-000756,CNS/Brain,intact,0.0830060838599538
ARID1A_to_ARID1B,KY,ACH-000768,Breast,intact,0.31579353697373674
ARID1A_to_ARID1B,KY,ACH-000769,Lung,intact,-0.21372081785864627
ARID1A_to_ARID1B,KY,ACH-000778,Head and Neck,intact,-0.09719352927320128
ARID1A_to_ARID1B,KY,ACH-000781,Lung,intact,0.0475963298293133
ARID1A_to_ARID1B,KY,ACH-000784,Esophagus/Stomach,damaging,-0.1992838520271771
ARID1A_to_ARID1B,KY,ACH-000787,Lung,intact,-0.4608601163661459
ARID1A_to_ARID1B,KY,ACH-000788,Skin,intact,-0.24849243527372655
ARID1A_to_ARID1B,KY,ACH-000793,Esophagus/Stomach,intact,-0.0848357870279078
ARID1A_to_ARID1B,KY,ACH-000794,Head and Neck,intact,0.32351441612799775
ARID1A_to_ARID1B,KY,ACH-000796,Ovary/Fallopian Tube,intact,0.06554184914875676
ARID1A_to_ARID1B,KY,ACH-000809,Esophagus/Stomach,intact,0.018751650953720653
ARID1A_to_ARID1B,KY,ACH-000817,Lymphoid,intact,-0.40334578986960185
ARID1A_to_ARID1B,KY,ACH-000823,Esophagus/Stomach,intact,0.3055044178194586
ARID1A_to_ARID1B,KY,ACH-000824,Esophagus/Stomach,intact,0.08312661638491643
ARID1A_to_ARID1B,KY,ACH-000832,Head and Neck,intact,0.23701152791661276
ARID1A_to_ARID1B,KY,ACH-000841,Lung,intact,0.31212789791557566
ARID1A_to_ARID1B,KY,ACH-000843,Lung,intact,0.03934903279934507
ARID1A_to_ARID1B,KY,ACH-000846,Head and Neck,intact,0.4518168710640473
ARID1A_to_ARID1B,KY,ACH-000847,Esophagus/Stomach,intact,-0.025414363830778493
ARID1A_to_ARID1B,KY,ACH-000849,Breast,intact,0.0021703632692010653
ARID1A_to_ARID1B,KY,ACH-000855,Esophagus/Stomach,intact,0.3292667570129541
ARID1A_to_ARID1B,KY,ACH-000856,Breast,damaging,-0.892776992934946
ARID1A_to_ARID1B,KY,ACH-000858,Lung,intact,-0.0008626138983364104
ARID1A_to_ARID1B,KY,ACH-000859,Breast,intact,0.12770170007394654
ARID1A_to_ARID1B,KY,ACH-000860,Lung,intact,0.1462880577653293
ARID1A_to_ARID1B,KY,ACH-000861,Lung,intact,-0.7412470844843094
ARID1A_to_ARID1B,KY,ACH-000863,CNS/Brain,intact,-0.14670395213852766
ARID1A_to_ARID1B,KY,ACH-000864,Uterus,intact,0.03810768238009485
ARID1A_to_ARID1B,KY,ACH-000865,Esophagus/Stomach,damaging,0.2875226501140608
ARID1A_to_ARID1B,KY,ACH-000869,Lung,intact,0.13735830246959746
ARID1A_to_ARID1B,KY,ACH-000873,Esophagus/Stomach,intact,0.44984360280184355
ARID1A_to_ARID1B,KY,ACH-000876,Breast,intact,0.11797954721918442
ARID1A_to_ARID1B,KY,ACH-000878,Lung,intact,0.1253144498613897
ARID1A_to_ARID1B,KY,ACH-000879,Uterus,damaging,-0.26541590367266604
ARID1A_to_ARID1B,KY,ACH-000880,Esophagus/Stomach,intact,0.06373193507995725
ARID1A_to_ARID1B,KY,ACH-000885,Ovary/Fallopian Tube,damaging,-0.6318010052980538
ARID1A_to_ARID1B,KY,ACH-000894,Lung,damaging,0.021310347184517336
ARID1A_to_ARID1B,KY,ACH-000900,Lung,intact,-0.032962698873978756
ARID1A_to_ARID1B,KY,ACH-000906,Ovary/Fallopian Tube,intact,-0.12407564995453708
ARID1A_to_ARID1B,KY,ACH-000910,Breast,intact,0.24091286672214737
ARID1A_to_ARID1B,KY,ACH-000911,Esophagus/Stomach,damaging,-0.36143221973815076
ARID1A_to_ARID1B,KY,ACH-000913,Uterus,intact,0.27871692660544667
ARID1A_to_ARID1B,KY,ACH-000917,Esophagus/Stomach,intact,0.30303271798240017
ARID1A_to_ARID1B,KY,ACH-000919,Esophagus/Stomach,damaging,0.256229064304179
ARID1A_to_ARID1B,KY,ACH-000926,Bowel,intact,0.028834882720322207
ARID1A_to_ARID1B,KY,ACH-000932,Esophagus/Stomach,damaging,0.11712732170617159
ARID1A_to_ARID1B,KY,ACH-000934,Breast,intact,0.12671359410300667
ARID1A_to_ARID1B,KY,ACH-000935,Bowel,intact,-0.16349259446864128
ARID1A_to_ARID1B,KY,ACH-000936,Ovary/Fallopian Tube,damaging,-0.3463308626963942
ARID1A_to_ARID1B,KY,ACH-000943,Bowel,damaging,-1.06220777549079
ARID1A_to_ARID1B,KY,ACH-000945,Lung,intact,0.31681366350401324
ARID1A_to_ARID1B,KY,ACH-000947,Ovary/Fallopian Tube,damaging,0.22197454403145808
ARID1A_to_ARID1B,KY,ACH-000948,Esophagus/Stomach,damaging,-0.38571105269938033
ARID1A_to_ARID1B,KY,ACH-000950,Bowel,damaging,0.15325911335410505
ARID1A_to_ARID1B,KY,ACH-000956,Prostate,damaging,-1.1524598224220683
ARID1A_to_ARID1B,KY,ACH-000957,Bowel,damaging,-0.05857977068257789
ARID1A_to_ARID1B,KY,ACH-000958,Bowel,damaging,-0.34848962519407084
ARID1A_to_ARID1B,KY,ACH-000962,Ovary/Fallopian Tube,damaging,-2.1347509734970043
ARID1A_to_ARID1B,KY,ACH-000965,Uterus,damaging,-0.8091483144099513
ARID1A_to_ARID1B,KY,ACH-000966,Ovary/Fallopian Tube,damaging,-0.5000649398332909
ARID1A_to_ARID1B,KY,ACH-000969,Bowel,damaging,0.22605728491622057
ARID1A_to_ARID1B,KY,ACH-000970,Bowel,damaging,0.16657522920466114
ARID1A_to_ARID1B,KY,ACH-000971,Bowel,intact,0.14807017197608494
ARID1A_to_ARID1B,KY,ACH-000974,Uterus,damaging,-0.5626843496280927
ARID1A_to_ARID1B,KY,ACH-000977,Prostate,damaging,0.2199861106298541
ARID1A_to_ARID1B,KY,ACH-000979,Prostate,intact,0.0187204435621684
ARID1A_to_ARID1B,KY,ACH-000980,Lung,intact,-0.13823672589400696
ARID1A_to_ARID1B,KY,ACH-000985,Bowel,damaging,0.5080221906897795
ARID1A_to_ARID1B,KY,ACH-000991,Bowel,intact,-0.16554997257429874
ARID1A_to_ARID1B,KY,ACH-000997,Bowel,intact,-0.0013794752711477898
ARID1A_to_ARID1B,KY,ACH-001016,CNS/Brain,intact,-0.3000812020022141
ARID1A_to_ARID1B,KY,ACH-001039,Bowel,intact,0.19368074083661302
ARID1A_to_ARID1B,KY,ACH-001063,Ovary/Fallopian Tube,intact,0.41036837109218943
ARID1A_to_ARID1B,KY,ACH-001065,Breast,intact,0.07482062227239439
ARID1A_to_ARID1B,KY,ACH-001081,Bowel,damaging,0.017880723651006864
ARID1A_to_ARID1B,KY,ACH-001107,Pancreas,intact,0.22201900514086972
ARID1A_to_ARID1B,KY,ACH-001126,CNS/Brain,intact,-0.23533559998086737
ARID1A_to_ARID1B,KY,ACH-001137,Lung,intact,0.16710605108894758
ARID1A_to_ARID1B,KY,ACH-001151,Ovary/Fallopian Tube,intact,-0.4141953624689794
ARID1A_to_ARID1B,KY,ACH-001190,Skin,intact,-0.04441183438195284
ARID1A_to_ARID1B,KY,ACH-001193,Bone,intact,0.20193964589439875
ARID1A_to_ARID1B,KY,ACH-001233,Lung,intact,-0.13646787421636178
ARID1A_to_ARID1B,KY,ACH-001331,Head and Neck,intact,0.02047735482504892
ARID1A_to_ARID1B,KY,ACH-001332,Head and Neck,intact,0.41366572235780136
ARID1A_to_ARID1B,KY,ACH-001345,Bowel,damaging,-0.0865801548756338
ARID1A_to_ARID1B,KY,ACH-001368,Esophagus/Stomach,intact,-0.010681851861974003
ARID1A_to_ARID1B,KY,ACH-001399,Bowel,intact,0.28741305376010945
ARID1A_to_ARID1B,KY,ACH-001418,Ovary/Fallopian Tube,intact,0.11385857975082801
ARID1A_to_ARID1B,KY,ACH-001494,Biliary Tract,intact,0.15871321157563884
ARID1A_to_ARID1B,KY,ACH-001496,Esophagus/Stomach,intact,-0.0520353002360423
ARID1A_to_ARID1B,KY,ACH-001497,Esophagus/Stomach,intact,0.7676852258204647
ARID1A_to_ARID1B,KY,ACH-001500,Esophagus/Stomach,intact,0.12497956845819218
ARID1A_to_ARID1B,KY,ACH-001517,Uterus,damaging,-0.20530178520490652
ARID1A_to_ARID1B,KY,ACH-001542,Head and Neck,intact,0.02559513389456804
ARID1A_to_ARID1B,KY,ACH-001544,Esophagus/Stomach,intact,0.047834740644853845
ARID1A_to_ARID1B,KY,ACH-001603,Peripheral Nervous System,intact,-0.3489669472585953
ARID1A_to_ARID1B,KY,ACH-001605,CNS/Brain,intact,0.1826771504109557
ARID1A_to_ARID1B,KY,ACH-001606,CNS/Brain,intact,0.024676294680083644
ARID1A_to_ARID1B,KY,ACH-001625,Head and Neck,intact,0.07655007233599687
ARID1A_to_ARID1B,KY,ACH-001626,Head and Neck,intact,-0.22019804641043986
ARID1A_to_ARID1B,KY,ACH-001630,Ovary/Fallopian Tube,intact,-0.2328671459164563
ARID1A_to_ARID1B,KY,ACH-001632,Ovary/Fallopian Tube,intact,-0.025773149025177133
ARID1A_to_ARID1B,KY,ACH-001639,Lymphoid,intact,0.17669024998526275
ARID1A_to_ARID1B,KY,ACH-001654,Esophagus/Stomach,intact,0.12559103476029113
ARID1A_to_ARID1B,KY,ACH-001674,Peripheral Nervous System,intact,0.04501195078771577
ARID1A_to_ARID1B,KY,ACH-001715,Bone,intact,0.16425258787320773
ARID1A_to_ARID1B,KY,ACH-001819,Breast,damaging,0.2534322019182848
ARID1A_to_ARID1B,KY,ACH-001820,Breast,intact,0.2432516063738793
ARID1A_to_ARID1B,KY,ACH-002029,Head and Neck,intact,-0.37329242216470065
ARID1A_to_ARID1B,KY,ACH-002043,Head and Neck,intact,-0.1504486336095998
ARID1A_to_ARID1B,KY,ACH-002045,Head and Neck,intact,0.15638227398544186
ARID1A_to_ARID1B,KY,ACH-002083,Peripheral Nervous System,intact,-0.04419273206507662
ARID1A_to_ARID1B,KY,ACH-002105,Bone,damaging,0.39745719816092223
ARID1A_to_ARID1B,KY,ACH-002106,Bone,intact,-0.0031737594517734363
ARID1A_to_ARID1B,KY,ACH-002109,Bone,intact,0.19194289086856453
ARID1A_to_ARID1B,KY,ACH-002110,Bone,intact,0.013032755362872286
ARID1A_to_ARID1B,KY,ACH-002114,Bone,intact,0.20973552020184139
ARID1A_to_ARID1B,KY,ACH-002116,Bone,intact,-0.12434536506328094
ARID1A_to_ARID1B,KY,ACH-002119,Bone,intact,-0.09701156371587945
ARID1A_to_ARID1B,KY,ACH-002140,Ovary/Fallopian Tube,intact,-0.08774461623856432
ARID1A_to_ARID1B,KY,ACH-002141,Esophagus/Stomach,intact,0.07620755211702716
ARID1A_to_ARID1B,KY,ACH-002143,Skin,intact,0.0707316835470895
ARID1A_to_ARID1B,KY,ACH-002150,Kidney,intact,-0.4583532514631372
ARID1A_to_ARID1B,KY,ACH-002156,Lung,intact,0.10513491170891594
ARID1A_to_ARID1B,KY,ACH-002160,Bone,intact,-0.13779401142975203
ARID1A_to_ARID1B,KY,ACH-002161,Esophagus/Stomach,intact,0.23546289917792276
ARID1A_to_ARID1B,KY,ACH-002179,Breast,intact,-0.5378856643918267
ARID1A_to_ARID1B,KY,ACH-002181,Ovary/Fallopian Tube,intact,-0.2541259525883978
ARID1A_to_ARID1B,KY,ACH-002183,Ovary/Fallopian Tube,damaging,0.16713822884409607
ARID1A_to_ARID1B,KY,ACH-002186,Pancreas,intact,0.06509875783417658
ARID1A_to_ARID1B,KY,ACH-002189,Kidney,intact,0.10128669570118011
ARID1A_to_ARID1B,KY,ACH-002198,Other,intact,-0.5357622162075
ARID1A_to_ARID1B,KY,ACH-002202,Esophagus/Stomach,intact,-0.4505453014481615
ARID1A_to_ARID1B,KY,ACH-002210,Myeloid,intact,-0.1349312434529479
ARID1A_to_ARID1B,KY,ACH-002212,Head and Neck,intact,0.2937123849084693
ARID1A_to_ARID1B,KY,ACH-002228,CNS/Brain,intact,-0.2690930733671363
ARID1A_to_ARID1B,KY,ACH-002229,CNS/Brain,intact,-0.48977418306871556
ARID1A_to_ARID1B,KY,ACH-002230,CNS/Brain,intact,-0.13996308749960118
ARID1A_to_ARID1B,KY,ACH-002233,Bowel,intact,0.197838811500016
ARID1A_to_ARID1B,KY,ACH-002234,Head and Neck,intact,0.10767421482346155
ARID1A_to_ARID1B,KY,ACH-002239,Head and Neck,intact,-0.43927861422806574
ARID1A_to_ARID1B,KY,ACH-002243,Esophagus/Stomach,intact,-0.6198196512489303
ARID1A_to_ARID1B,KY,ACH-002247,Myeloid,intact,0.04940923014108635
ARID1A_to_ARID1B,KY,ACH-002249,Head and Neck,intact,0.47061679977266396
ARID1A_to_ARID1B,KY,ACH-002250,Head and Neck,intact,-0.016629898097090545
ARID1A_to_ARID1B,KY,ACH-002251,Head and Neck,intact,0.09039779528911229
ARID1A_to_ARID1B,KY,ACH-002257,CNS/Brain,intact,0.18210438557305686
ARID1A_to_ARID1B,KY,ACH-002261,Peripheral Nervous System,intact,-0.01655854903065977
ARID1A_to_ARID1B,KY,ACH-002263,Esophagus/Stomach,intact,0.12923801295534065
ARID1A_to_ARID1B,KY,ACH-002265,Head and Neck,intact,0.29045123598884387
ARID1A_to_ARID1B,KY,ACH-002269,CNS/Brain,intact,0.16640088086976318
ARID1A_to_ARID1B,KY,ACH-002278,Peripheral Nervous System,intact,0.4305183762704966
ARID1A_to_ARID1B,KY,ACH-002280,Peripheral Nervous System,intact,-0.06714837348250262
ARID1A_to_ARID1B,KY,ACH-002282,Peripheral Nervous System,intact,-0.6663857796017197
ARID1A_to_ARID1B,KY,ACH-002283,Peripheral Nervous System,intact,0.462641582988951
ARID1A_to_ARID1B,KY,ACH-002284,Peripheral Nervous System,intact,0.12487989527130128
ARID1A_to_ARID1B,KY,ACH-002285,Peripheral Nervous System,intact,0.40413280617151
ARID1A_to_ARID1B,KY,ACH-002294,Head and Neck,intact,0.3642603284419514
ARID1A_to_ARID1B,KY,ACH-002295,Head and Neck,intact,0.0629107915168385
ARID1A_to_ARID1B,KY,ACH-002296,Head and Neck,intact,0.29857361341289484
ARID1A_to_ARID1B,KY,ACH-002297,Head and Neck,intact,0.13996437689166893
ARID1A_to_ARID1B,KY,ACH-002298,Head and Neck,intact,0.6604576574154866
ARID1A_to_ARID1B,KY,ACH-002304,CNS/Brain,intact,0.3598197479857533
ARID1A_to_ARID1B,KY,ACH-002305,Head and Neck,intact,-0.26903961208491717
