panel,gene,header_count,finite_all_103,eligible,exclusion_reason
common_essential,AAMP (14),1,True,True,
common_essential,AARS1 (16),1,True,True,
common_essential,AASDHPPT (60496),1,True,True,
common_essential,ABCB7 (22),1,True,True,
common_essential,ABCE1 (6059),1,True,True,
common_essential,ABCF1 (23),1,True,True,
common_essential,ABT1 (29777),1,True,True,
common_essential,ACO2 (50),1,True,True,
common_essential,ACTL6A (86),1,True,True,
common_essential,ACTR10 (55860),1,True,True,
common_essential,ACTR3 (10096),1,True,True,
common_essential,ACTR6 (64431),1,True,True,
common_essential,ACTR8 (93973),1,True,True,
common_essential,ADAT2 (134637),1,True,True,
common_essential,ADSL (158),1,True,True,
common_essential,AFG3L2 (10939),1,True,True,
common_essential,AHCY (191),1,True,True,
common_essential,AIFM1 (9131),1,True,True,
common_essential,AKIRIN2 (55122),1,True,True,
common_essential,ALDOA (226),1,True,True,
common_essential,ALG1 (56052),1,True,True,
common_essential,ALG11 (440138),1,True,True,
common_essential,ALG13 (79868),1,True,True,
common_essential,ALG14 (199857),1,True,True,
common_essential,ALG2 (85365),1,True,True,
common_essential,ALG8 (79053),1,True,True,
common_essential,ALYREF (10189),1,True,True,
common_essential,AMD1 (262),1,True,True,
common_essential,ANAPC10 (10393),1,True,True,
common_essential,ANAPC11 (51529),1,True,True,
common_essential,ANAPC15 (25906),1,True,True,
common_essential,ANAPC4 (29945),1,True,True,
common_essential,ANAPC5 (51433),1,True,True,
common_essential,ANKLE2 (23141),1,True,True,
common_essential,ANLN (54443),1,True,True,
common_essential,AP2S1 (1175),1,True,True,
common_essential,AQR (9716),1,True,True,
common_essential,ARCN1 (372),1,True,True,
common_essential,ARGLU1 (55082),1,True,True,
common_essential,ARL2 (402),1,True,True,
common_essential,ARMC7 (79637),1,True,True,
common_essential,ARPC4 (10093),1,True,True,
common_essential,ASCC3 (10973),1,True,True,
common_essential,ATIC (471),1,True,True,
common_essential,ATL2 (64225),1,True,True,
common_essential,ATP13A1 (57130),1,True,True,
common_essential,ATP1A1 (476),1,True,True,
common_essential,ATP2A2 (488),1,True,True,
common_essential,ATP6AP2 (10159),1,True,True,
common_essential,ATP6V0B (533),1,True,True,
common_essential,ATP6V0C (527),1,True,True,
common_essential,ATP6V0D1 (9114),1,True,True,
common_essential,ATP6V1A (523),1,True,True,
common_essential,ATP6V1D (51382),1,True,True,
common_essential,ATP6V1E1 (529),1,True,True,
common_essential,ATP6V1G1 (9550),1,True,True,
common_essential,ATR (545),1,True,True,
common_essential,ATRIP (84126),1,True,True,
common_essential,ATRX (546),1,True,True,
common_essential,BARD1 (580),1,True,True,
common_essential,BCAS2 (10286),1,True,True,
common_essential,BCCIP (56647),1,True,True,
common_essential,BCL2L1 (598),1,True,True,
common_essential,BCS1L (617),1,True,True,
common_essential,BDP1 (55814),1,True,True,
common_essential,BET1 (10282),1,True,True,
common_essential,BIRC5 (332),1,True,True,
common_essential,BLM (641),1,True,True,
common_essential,BMS1 (9790),1,True,True,
common_essential,BNIP1 (662),1,True,True,
common_essential,BOD1L1 (259282),1,True,True,
common_essential,BORA (79866),1,True,True,
common_essential,BPTF (2186),1,True,True,
common_essential,BRCA1 (672),1,True,True,
common_essential,BRCA2 (675),1,True,True,
common_essential,BRD4 (23476),1,True,True,
common_essential,BRD8 (10902),1,True,True,
common_essential,BRF1 (2972),1,True,True,
common_essential,BRIX1 (55299),1,True,True,
common_essential,BTAF1 (9044),1,True,True,
common_essential,BUB1B (701),1,True,True,
common_essential,BUB3 (9184),1,True,True,
common_essential,BUD13 (84811),1,True,True,
common_essential,BUD31 (8896),1,True,True,
common_essential,BYSL (705),1,True,True,
common_essential,C18orf21 (83608),1,True,True,
common_essential,C1orf131 (128061),1,True,True,
common_essential,C9orf78 (51759),1,True,True,
common_essential,CAD (790),1,True,True,
common_essential,CARS1 (833),1,True,True,
common_essential,CCDC115 (84317),1,True,True,
common_essential,CCDC86 (79080),1,True,True,
common_essential,CCNA2 (890),1,True,True,
common_essential,CCNH (902),1,True,True,
common_essential,CCNK (8812),1,True,True,
common_essential,CCP110 (9738),1,True,True,
common_essential,CCT2 (10576),1,True,True,
common_essential,CCT3 (7203),1,True,True,
common_essential,CCT4 (10575),1,True,True,
common_essential,CCT5 (22948),1,True,True,
common_essential,CCT6A (908),1,True,True,
common_essential,CCT7 (10574),1,True,True,
common_essential,CDC123 (8872),1,True,True,
common_essential,CDC16 (8881),1,True,True,
common_essential,CDC20 (991),1,True,True,
common_essential,CDC23 (8697),1,True,True,
common_essential,CDC37 (11140),1,True,True,
common_essential,CDC40 (51362),1,True,True,
common_essential,CDC45 (8318),1,True,True,
common_essential,CDC5L (988),1,True,True,
common_essential,CDC6 (990),1,True,True,
common_essential,CDC7 (8317),1,True,True,
common_essential,CDC73 (79577),1,True,True,
common_essential,CDCA5 (113130),1,True,True,
common_essential,CDIN1 (84529),1,True,True,
common_essential,CDIPT (10423),1,True,True,
common_essential,CDK1 (983),1,True,True,
common_essential,CDK12 (51755),1,True,True,
common_essential,CDK9 (1025),1,True,True,
common_essential,CDT1 (81620),1,True,True,
common_essential,CEBPZ (10153),1,True,True,
common_essential,CENATAC (338657),1,True,True,
common_essential,CENPA (1058),1,True,True,
common_essential,CENPH (64946),1,True,True,
common_essential,CENPJ (55835),1,True,True,
common_essential,CENPL (91687),1,True,True,
common_essential,CENPM (79019),1,True,True,
common_essential,CENPN (55839),1,True,True,
common_essential,CENPW (387103),1,True,True,
common_essential,CEP135 (9662),1,True,True,
common_essential,CEP152 (22995),1,True,True,
common_essential,CEP192 (55125),1,True,True,
common_essential,CEP57 (9702),1,True,True,
common_essential,CEP85 (64793),1,True,True,
common_essential,CEP97 (79598),1,True,True,
common_essential,CFDP1 (10428),1,True,True,
common_essential,CHAF1A (10036),1,True,True,
common_essential,CHAF1B (8208),1,True,True,
common_essential,CHEK1 (1111),1,True,True,
common_essential,CHERP (10523),1,True,True,
common_essential,CHMP2A (27243),1,True,True,
common_essential,CHMP3 (51652),1,True,True,
common_essential,CHMP4B (128866),1,True,True,
common_essential,CHMP6 (79643),1,True,True,
common_essential,CHORDC1 (26973),1,True,True,
common_essential,CIAO1 (9391),1,True,True,
common_essential,CINP (51550),1,True,True,
common_essential,CKAP5 (9793),1,True,True,
common_essential,CLASRP (11129),1,True,True,
common_essential,CLNS1A (1207),1,True,True,
common_essential,CLP1 (10978),1,True,True,
common_essential,CLTC (1213),1,True,True,
common_essential,CMPK1 (51727),1,True,True,
common_essential,CNOT1 (23019),1,True,True,
common_essential,CNOT2 (4848),1,True,True,
common_essential,CNOT3 (4849),1,True,True,
common_essential,COA5 (493753),1,True,True,
common_essential,COASY (80347),1,True,True,
common_essential,COG2 (22796),1,True,True,
common_essential,COG3 (83548),1,True,True,
common_essential,COG4 (25839),1,True,True,
common_essential,COG8 (84342),1,True,True,
common_essential,COPA (1314),1,True,True,
common_essential,COPB1 (1315),1,True,True,
common_essential,COPB2 (9276),1,True,True,
common_essential,COPE (11316),1,True,True,
common_essential,COPG1 (22820),1,True,True,
common_essential,COPS2 (9318),1,True,True,
common_essential,COPS3 (8533),1,True,True,
common_essential,COPS4 (51138),1,True,True,
common_essential,COPS6 (10980),1,True,True,
common_essential,COPZ1 (22818),1,True,True,
common_essential,COQ4 (51117),1,True,True,
common_essential,COQ5 (84274),1,True,True,
common_essential,COX10 (1352),1,True,True,
common_essential,COX15 (1355),1,True,True,
common_essential,COX5B (1329),1,True,True,
common_essential,COX6B1 (1340),1,True,True,
common_essential,CPSF2 (53981),1,True,True,
common_essential,CPSF3 (51692),1,True,True,
common_essential,CPSF6 (11052),1,True,True,
common_essential,CRCP (27297),1,True,True,
common_essential,CRLS1 (54675),1,True,True,
common_essential,CRNKL1 (51340),1,True,True,
common_essential,CSE1L (1434),1,True,True,
common_essential,CSNK1A1 (1452),1,True,True,
common_essential,CSNK2B (1460),1,True,True,
common_essential,CSTF1 (1477),1,True,True,
common_essential,CSTF3 (1479),1,True,True,
common_essential,CTC1 (80169),1,True,True,
common_essential,CTCF (10664),1,True,True,
common_essential,CTDP1 (9150),1,True,True,
common_essential,CTNNBL1 (56259),1,True,True,
common_essential,CTPS1 (1503),1,True,True,
common_essential,CTR9 (9646),1,True,True,
common_essential,CTU1 (90353),1,True,True,
common_essential,CTU2 (348180),1,True,True,
common_essential,CUL1 (8454),1,True,True,
common_essential,CUL2 (8453),1,True,True,
common_essential,CWC22 (57703),1,True,True,
common_essential,CWF19L2 (143884),1,True,True,
common_essential,DAD1 (1603),1,True,True,
common_essential,DAP3 (7818),1,True,True,
common_essential,DARS1 (1615),1,True,True,
common_essential,DARS2 (55157),1,True,True,
common_essential,DBR1 (51163),1,True,True,
common_essential,DCAF7 (10238),1,False,False,nonfinite_in_full_103_denominator
common_essential,DCPS (28960),1,True,True,
common_essential,DCTN2 (10540),1,True,True,
common_essential,DCTN3 (11258),1,True,True,
common_essential,DCTN4 (51164),1,True,True,
common_essential,DCTN5 (84516),1,True,True,
common_essential,DDB1 (1642),1,True,True,
common_essential,DDOST (1650),1,True,True,
common_essential,DDX18 (8886),1,True,True,
common_essential,DDX20 (11218),1,True,True,
common_essential,DDX21 (9188),1,True,True,
common_essential,DDX23 (9416),1,True,True,
common_essential,DDX24 (57062),1,True,True,
common_essential,DDX27 (55661),1,True,True,
common_essential,DDX39B (7919),1,True,True,
common_essential,DDX3X (1654),1,True,True,
common_essential,DDX46 (9879),1,True,True,
common_essential,DDX47 (51202),1,True,True,
common_essential,DDX49 (54555),1,True,True,
common_essential,DDX51 (317781),1,True,True,
common_essential,DDX54 (79039),1,True,True,
common_essential,DDX55 (57696),1,True,True,
common_essential,DDX56 (54606),1,True,True,
common_essential,DDX59 (83479),1,True,True,
common_essential,DDX6 (1656),1,True,True,
common_essential,DENR (8562),1,True,True,
common_essential,DGCR8 (54487),1,True,True,
common_essential,DHDDS (79947),1,True,True,
common_essential,DHFR (1719),1,False,False,nonfinite_in_full_103_denominator
common_essential,DHX15 (1665),1,True,True,
common_essential,DHX33 (56919),1,True,True,
common_essential,DHX35 (60625),1,True,True,
common_essential,DHX36 (170506),1,True,True,
common_essential,DHX38 (9785),1,True,True,
common_essential,DHX8 (1659),1,True,True,
common_essential,DHX9 (1660),1,True,True,
common_essential,DIDO1 (11083),1,True,True,
common_essential,DIMT1 (27292),1,True,True,
common_essential,DIS3 (22894),1,True,True,
common_essential,DKC1 (1736),1,True,True,
common_essential,DLD (1738),1,True,True,
common_essential,DLST (1743),1,True,True,
common_essential,DMAP1 (55929),1,True,True,
common_essential,DNAAF10 (116143),1,True,True,
common_essential,DNAJA3 (9093),1,True,True,
common_essential,DNAJC11 (55735),1,True,True,
common_essential,DNAJC2 (27000),1,True,True,
common_essential,DNAJC9 (23234),1,True,True,
common_essential,DNM1L (10059),1,True,True,
common_essential,DNM2 (1785),1,True,True,
common_essential,DNMT1 (1786),1,True,True,
common_essential,DNTTIP2 (30836),1,True,True,
common_essential,DONSON (29980),1,True,True,
common_essential,DPH5 (51611),1,True,True,
common_essential,DR1 (1810),1,True,True,
common_essential,DSN1 (79980),1,True,True,
common_essential,DTL (51514),1,True,True,
common_essential,DTYMK (1841),1,True,True,
common_essential,DYNC1H1 (1778),1,True,True,
common_essential,DYNLRB1 (83658),1,True,True,
common_essential,E4F1 (1877),1,True,True,
common_essential,EBNA1BP2 (10969),1,True,True,
common_essential,ECD (11319),1,True,True,
common_essential,ECT2 (1894),1,True,True,
common_essential,EEF1A1 (1915),1,False,False,nonfinite_in_full_103_denominator
common_essential,EEF2 (1938),1,True,True,
common_essential,EEFSEC (60678),1,True,True,
common_essential,EFTUD2 (9343),1,True,True,
common_essential,EHMT1 (79813),1,True,True,
common_essential,EIF1 (10209),1,True,True,
common_essential,EIF1AD (84285),1,True,True,
common_essential,EIF2B1 (1967),1,True,True,
common_essential,EIF2B2 (8892),1,True,True,
common_essential,EIF2B3 (8891),1,True,True,
common_essential,EIF2B4 (8890),1,True,True,
common_essential,EIF2B5 (8893),1,True,True,
common_essential,EIF2S1 (1965),1,True,True,
common_essential,EIF2S3 (1968),1,True,True,
common_essential,EIF3A (8661),1,True,True,
common_essential,EIF3B (8662),1,True,True,
common_essential,EIF3D (8664),1,True,True,
common_essential,EIF3I (8668),1,True,True,
common_essential,EIF3J (8669),1,True,True,
common_essential,EIF3M (10480),1,True,True,
common_essential,EIF4A1 (1973),1,True,True,
common_essential,EIF4A3 (9775),1,True,True,
common_essential,EIF4E (1977),1,True,True,
common_essential,EIF4G1 (1981),1,True,True,
common_essential,EIF5 (1983),1,True,True,
common_essential,EIF5B (9669),1,True,True,
common_essential,EIF6 (3692),1,True,True,
common_essential,ELAC2 (60528),1,True,True,
common_essential,ELL (8178),1,True,True,
common_essential,ELP2 (55250),1,True,True,
common_essential,ELP4 (26610),1,True,True,
common_essential,ELP5 (23587),1,True,True,
common_essential,ELP6 (54859),1,True,True,
common_essential,EMC3 (55831),1,True,True,
common_essential,ENO1 (2023),1,True,True,
common_essential,EPRS1 (2058),1,True,True,
common_essential,ERCC2 (2068),1,True,True,
common_essential,ERCC3 (2071),1,True,True,
common_essential,ERCC4 (2072),1,True,True,
common_essential,ESF1 (51575),1,True,True,
common_essential,ETF1 (2107),1,True,True,
common_essential,EWSR1 (2130),1,True,True,
common_essential,EXOC1 (55763),1,True,True,
common_essential,EXOC2 (55770),1,True,True,
common_essential,EXOC4 (60412),1,True,True,
common_essential,EXOC5 (10640),1,True,True,
common_essential,EXOSC1 (51013),1,True,True,
common_essential,EXOSC10 (5394),1,True,True,
common_essential,EXOSC2 (23404),1,True,True,
common_essential,EXOSC3 (51010),1,True,True,
common_essential,EXOSC5 (56915),1,True,True,
common_essential,EXOSC7 (23016),1,True,True,
common_essential,EXOSC8 (11340),1,True,True,
common_essential,EXOSC9 (5393),1,True,True,
common_essential,FAM210A (125228),1,True,True,
common_essential,FAM50A (9130),1,True,True,
common_essential,FAM98B (283742),1,True,True,
common_essential,FARSA (2193),1,True,True,
common_essential,FARSB (10056),1,True,True,
common_essential,FBL (2091),1,True,True,
common_essential,FCF1 (51077),1,True,True,
common_essential,FDXR (2232),1,True,True,
common_essential,FEN1 (2237),1,True,True,
common_essential,FH (2271),1,True,True,
common_essential,FIP1L1 (81608),1,True,True,
common_essential,FNBP4 (23360),1,True,True,
common_essential,FNTB (2342),1,True,True,
common_essential,FTSJ3 (117246),1,True,True,
common_essential,FXN (2395),1,True,True,
common_essential,GADD45GIP1 (90480),1,True,True,
common_essential,GAPDH (2597),1,True,True,
common_essential,GAR1 (54433),1,True,True,
common_essential,GARS1 (2617),1,True,True,
common_essential,GART (2618),1,True,True,
common_essential,GATC (283459),1,True,True,
common_essential,GBF1 (8729),1,True,True,
common_essential,GEMIN2 (8487),1,True,True,
common_essential,GEMIN5 (25929),1,True,True,
common_essential,GEMIN8 (54960),1,True,True,
common_essential,GET1 (7485),1,True,True,
common_essential,GET4 (51608),1,True,True,
common_essential,GFER (2671),1,True,True,
common_essential,GFM1 (85476),1,True,True,
common_essential,GGPS1 (9453),1,True,True,
common_essential,GINS1 (9837),1,True,True,
common_essential,GINS2 (51659),1,True,True,
common_essential,GINS3 (64785),1,True,True,
common_essential,GLE1 (2733),1,True,True,
common_essential,GMNN (51053),1,True,True,
common_essential,GMPS (8833),1,True,True,
common_essential,GNB1L (54584),1,True,True,
common_essential,GNL2 (29889),1,True,True,
common_essential,GNL3 (26354),1,True,True,
common_essential,GNL3L (54552),1,True,True,
common_essential,GON4L (54856),1,True,True,
common_essential,GOSR2 (9570),1,True,True,
common_essential,GPATCH1 (55094),1,True,True,
common_essential,GPKOW (27238),1,True,True,
common_essential,GPN1 (11321),1,True,True,
common_essential,GPN2 (54707),1,True,True,
common_essential,GPN3 (51184),1,True,True,
common_essential,GRB2 (2885),1,True,True,
common_essential,GRPEL1 (80273),1,True,True,
common_essential,GRWD1 (83743),1,True,True,
common_essential,GSPT1 (2935),1,True,True,
common_essential,GTF2A1 (2957),1,True,True,
common_essential,GTF2A2 (2958),1,True,True,
common_essential,GTF2B (2959),1,True,True,
common_essential,GTF2E1 (2960),1,True,True,
common_essential,GTF2H3 (2967),1,True,True,
common_essential,GTF3C1 (2975),1,True,True,
common_essential,GTF3C3 (9330),1,True,True,
common_essential,GTF3C4 (9329),1,True,True,
common_essential,GTF3C5 (9328),1,True,True,
common_essential,GTPBP4 (23560),1,True,True,
common_essential,GUK1 (2987),1,True,True,
common_essential,HARS1 (3035),1,True,True,
common_essential,HARS2 (23438),1,True,True,
common_essential,HAUS1 (115106),1,True,True,
common_essential,HAUS3 (79441),1,True,True,
common_essential,HAUS4 (54930),1,True,True,
common_essential,HAUS5 (23354),1,True,True,
common_essential,HAUS7 (55559),1,True,True,
common_essential,HAUS8 (93323),1,True,True,
common_essential,HBS1L (10767),1,True,True,
common_essential,HCFC1 (3054),1,True,True,
common_essential,HEATR1 (55127),1,True,True,
common_essential,HINFP (25988),1,True,True,
common_essential,HJURP (55355),1,True,True,
common_essential,HMGCR (3156),1,True,True,
common_essential,HMGCS1 (3157),1,True,True,
common_essential,HNRNPA2B1 (3181),1,True,True,
common_essential,HNRNPH1 (3187),1,True,True,
common_essential,HNRNPK (3190),1,True,True,
common_essential,HNRNPL (3191),1,True,True,
common_essential,HNRNPM (4670),1,True,True,
common_essential,HNRNPU (3192),1,True,True,
common_essential,HSCB (150274),1,True,True,
common_essential,HSD17B10 (3028),1,True,True,
common_essential,HSPA14 (51182),1,True,True,
common_essential,HSPA5 (3309),1,True,True,
common_essential,HSPA8 (3312),1,True,True,
common_essential,HSPA9 (3313),1,True,True,
common_essential,HTATSF1 (27336),1,True,True,
common_essential,HUS1 (3364),1,True,True,
common_essential,IARS1 (3376),1,True,True,
common_essential,IGBP1 (3476),1,True,True,
common_essential,ILF2 (3608),1,True,True,
common_essential,ILF3 (3609),1,True,True,
common_essential,IMMT (10989),1,True,True,
common_essential,IMP4 (92856),1,True,True,
common_essential,INCENP (3619),1,True,True,
common_essential,INO80 (54617),1,True,True,
common_essential,INTS2 (57508),1,True,True,
common_essential,INTS3 (65123),1,True,True,
common_essential,INTS4 (92105),1,False,False,nonfinite_in_full_103_denominator
common_essential,INTS5 (80789),1,True,True,
common_essential,INTS7 (25896),1,True,True,
common_essential,IPO11 (51194),1,True,True,
common_essential,IPO7 (10527),1,True,True,
common_essential,IPO9 (55705),1,True,True,
common_essential,ISCU (23479),1,True,True,
common_essential,ISG20L2 (81875),1,True,True,
common_essential,ISY1 (57461),1,True,True,
common_essential,IWS1 (55677),1,True,True,
common_essential,KANSL1 (284058),1,True,True,
common_essential,KANSL2 (54934),1,True,True,
common_essential,KANSL3 (55683),1,True,True,
common_essential,KARS1 (3735),1,True,True,
common_essential,KAT8 (84148),1,True,True,
common_essential,KCMF1 (56888),1,True,True,
common_essential,KDM8 (79831),1,True,True,
common_essential,KIF11 (3832),1,True,True,
common_essential,KIF18A (81930),1,True,True,
common_essential,KIN (22944),1,True,True,
common_essential,KPNB1 (3837),1,True,True,
common_essential,KRI1 (65095),1,False,False,nonfinite_in_full_103_denominator
common_essential,KRR1 (11103),1,True,True,
common_essential,LAGE3 (8270),1,True,True,
common_essential,LAMTOR2 (28956),1,True,True,
common_essential,LARS1 (51520),1,True,True,
common_essential,LARS2 (23395),1,True,True,
common_essential,LAS1L (81887),1,True,True,
common_essential,LENG1 (79165),1,True,True,
common_essential,LENG8 (114823),1,True,True,
common_essential,LEO1 (123169),1,True,True,
common_essential,LIAS (11019),1,True,True,
common_essential,LIN52 (91750),1,True,True,
common_essential,LIN54 (132660),1,True,True,
common_essential,LONP1 (9361),1,True,True,
common_essential,LRPPRC (10128),1,True,True,
common_essential,LRR1 (122769),1,True,True,
common_essential,LSG1 (55341),1,True,True,
common_essential,LSM11 (134353),1,True,True,
common_essential,LSM4 (25804),1,True,True,
common_essential,LSM5 (23658),1,True,True,
common_essential,LTV1 (84946),1,True,True,
common_essential,LUC7L3 (51747),1,True,True,
common_essential,LYRM4 (57128),1,True,True,
common_essential,MAGOH (4116),1,True,True,
common_essential,MALSU1 (115416),1,True,True,
common_essential,MARS1 (4141),1,True,True,
common_essential,MASTL (84930),1,True,True,
common_essential,MAT2A (4144),1,True,True,
common_essential,MAU2 (23383),1,True,True,
common_essential,MAX (4149),1,True,True,
common_essential,MCM10 (55388),1,True,True,
common_essential,MCM2 (4171),1,True,True,
common_essential,MCM3 (4172),1,True,True,
common_essential,MCM5 (4174),1,True,True,
common_essential,MCM6 (4175),1,True,True,
common_essential,MCM7 (4176),1,True,True,
common_essential,MCMBP (79892),1,True,True,
common_essential,MCRS1 (10445),1,True,True,
common_essential,MDC1 (9656),1,True,True,
common_essential,MDN1 (23195),1,True,True,
common_essential,MED1 (5469),1,True,True,
common_essential,MED12 (9968),1,True,True,
common_essential,MED14 (9282),1,True,True,
common_essential,MED17 (9440),1,True,True,
common_essential,MED18 (54797),1,True,True,
common_essential,MED19 (219541),1,True,True,
common_essential,MED20 (9477),1,True,True,
common_essential,MED26 (9441),1,True,True,
common_essential,MED27 (9442),1,True,True,
common_essential,MED28 (80306),1,True,True,
common_essential,MED31 (51003),1,True,True,
common_essential,MED4 (29079),1,True,True,
common_essential,MED6 (10001),1,True,True,
common_essential,MED7 (9443),1,True,True,
common_essential,MED8 (112950),1,True,True,
common_essential,MED9 (55090),1,True,True,
common_essential,METAP1 (23173),1,True,True,
common_essential,METAP2 (10988),1,True,True,
common_essential,METTL1 (4234),1,True,True,
common_essential,METTL14 (57721),1,True,True,
common_essential,METTL16 (79066),1,True,True,
common_essential,METTL3 (56339),1,True,True,
common_essential,MFAP1 (4236),1,True,True,
common_essential,MFN2 (9927),1,True,True,
common_essential,MIPEP (4285),1,True,True,
common_essential,MIS18A (54069),1,True,True,
common_essential,MIS18BP1 (55320),1,True,True,
common_essential,MMS19 (64210),1,True,True,
common_essential,MMS22L (253714),1,True,True,
common_essential,MNAT1 (4331),1,True,True,
common_essential,MOB4 (25843),1,True,True,
common_essential,MPHOSPH10 (10199),1,True,True,
common_essential,MRPL11 (65003),1,True,True,
common_essential,MRPL12 (6182),1,True,True,
common_essential,MRPL16 (54948),1,True,True,
common_essential,MRPL17 (63875),1,True,True,
common_essential,MRPL18 (29074),1,True,True,
common_essential,MRPL19 (9801),1,True,True,
common_essential,MRPL20 (55052),1,True,True,
common_essential,MRPL21 (219927),1,True,True,
common_essential,MRPL22 (29093),1,True,True,
common_essential,MRPL24 (79590),1,True,True,
common_essential,MRPL27 (51264),1,True,True,
common_essential,MRPL32 (64983),1,True,True,
common_essential,MRPL34 (64981),1,True,True,
common_essential,MRPL35 (51318),1,True,True,
common_essential,MRPL37 (51253),1,True,True,
common_essential,MRPL38 (64978),1,True,True,
common_essential,MRPL39 (54148),1,True,True,
common_essential,MRPL4 (51073),1,True,True,
common_essential,MRPL40 (64976),1,True,True,
common_essential,MRPL42 (28977),1,True,True,
common_essential,MRPL44 (65080),1,True,True,
common_essential,MRPL47 (57129),1,True,True,
common_essential,MRPL48 (51642),1,True,True,
common_essential,MRPL49 (740),1,True,True,
common_essential,MRPL51 (51258),1,True,True,
common_essential,MRPL52 (122704),1,True,True,
common_essential,MRPL9 (65005),1,True,True,
common_essential,MRPS10 (55173),1,True,True,
common_essential,MRPS12 (6183),1,True,True,
common_essential,MRPS14 (63931),1,True,True,
common_essential,MRPS15 (64960),1,True,True,
common_essential,MRPS18A (55168),1,True,True,
common_essential,MRPS18B (28973),1,True,True,
common_essential,MRPS18C (51023),1,True,True,
common_essential,MRPS23 (51649),1,True,True,
common_essential,MRPS24 (64951),1,True,True,
common_essential,MRPS25 (64432),1,True,True,
common_essential,MRPS27 (23107),1,True,True,
common_essential,MRPS30 (10884),1,True,True,
common_essential,MRPS31 (10240),1,True,True,
common_essential,MRPS33 (51650),1,True,True,
common_essential,MRPS35 (60488),1,True,True,
common_essential,MRPS5 (64969),1,True,True,
common_essential,MRPS6 (64968),1,True,True,
common_essential,MRPS7 (51081),1,True,True,
common_essential,MRPS9 (64965),1,True,True,
common_essential,MRTO4 (51154),1,True,True,
common_essential,MTG1 (92170),1,True,True,
common_essential,MTHFD1 (4522),1,True,True,
common_essential,MTOR (2475),1,True,True,
common_essential,MTPAP (55149),1,True,True,
common_essential,MVD (4597),1,True,True,
common_essential,MYBBP1A (10514),1,True,True,
common_essential,MYBL2 (4605),1,True,True,
common_essential,N6AMT1 (29104),1,True,True,
common_essential,NAA10 (8260),1,True,True,
common_essential,NAA15 (80155),1,True,True,
common_essential,NAA20 (51126),1,True,True,
common_essential,NAA25 (80018),1,True,True,
common_essential,NAA30 (122830),1,True,True,
common_essential,NAA50 (80218),1,True,True,
common_essential,NAE1 (8883),1,True,True,
common_essential,NAF1 (92345),1,True,True,
common_essential,NAPA (8775),1,True,True,
common_essential,NAPG (8774),1,True,True,
common_essential,NARS1 (4677),1,True,True,
common_essential,NARS2 (79731),1,True,True,
common_essential,NAT10 (55226),1,True,True,
common_essential,NBAS (51594),1,True,True,
common_essential,NCAPD2 (9918),1,True,True,
common_essential,NCAPG (64151),1,True,True,
common_essential,NCAPH (23397),1,True,True,
common_essential,NCBP1 (4686),1,True,True,
common_essential,NCBP2 (22916),1,True,True,
common_essential,NCL (4691),1,True,True,
common_essential,NDC80 (10403),1,True,True,
common_essential,NDUFAB1 (4706),1,True,True,
common_essential,NDUFB4 (4710),1,True,True,
common_essential,NEDD1 (121441),1,True,True,
common_essential,NELFA (7469),1,True,True,
common_essential,NELFB (25920),1,True,True,
common_essential,NELFE (7936),1,True,True,
common_essential,NFS1 (9054),1,True,True,
common_essential,NGDN (25983),1,True,True,
common_essential,NHLRC2 (374354),1,True,True,
common_essential,NHP2 (55651),1,True,True,
common_essential,NIP7 (51388),1,True,True,
common_essential,NIPBL (25836),1,True,True,
common_essential,NKAP (79576),1,True,True,
common_essential,NLE1 (54475),1,True,True,
common_essential,NOB1 (28987),1,True,True,
common_essential,NOC3L (64318),1,True,True,
common_essential,NOC4L (79050),1,True,True,
common_essential,NOL10 (79954),1,True,True,
common_essential,NOL11 (25926),1,True,True,
common_essential,NOL6 (65083),1,True,True,
common_essential,NOL7 (51406),1,True,True,
common_essential,NOL8 (55035),1,True,True,
common_essential,NOL9 (79707),1,True,True,
common_essential,NOLC1 (9221),1,True,True,
common_essential,NOM1 (64434),1,True,True,
common_essential,NONO (4841),1,True,True,
common_essential,NOP10 (55505),1,True,True,
common_essential,NOP14 (8602),1,True,True,
common_essential,NOP16 (51491),1,True,True,
common_essential,NOP2 (4839),1,True,True,
common_essential,NOP56 (10528),1,True,True,
common_essential,NOP58 (51602),1,True,True,
common_essential,NOP9 (161424),1,True,True,
common_essential,NOPCHAP1 (121053),1,True,True,
common_essential,NPAT (4863),1,True,True,
common_essential,NPLOC4 (55666),1,True,True,
common_essential,NRDE2 (55051),1,True,True,
common_essential,NRF1 (4899),1,True,True,
common_essential,NSA2 (10412),1,True,True,
common_essential,NSF (4905),1,True,True,
common_essential,NSL1 (25936),1,True,True,
common_essential,NSMCE1 (197370),1,True,True,
common_essential,NSMCE4A (54780),1,True,True,
common_essential,NSRP1 (84081),1,True,True,
common_essential,NSUN4 (387338),1,True,True,
common_essential,NUBP1 (4682),1,True,True,
common_essential,NUDC (10726),1,True,True,
common_essential,NUDCD3 (23386),1,True,True,
common_essential,NUDT21 (11051),1,True,True,
common_essential,NUF2 (83540),1,True,True,
common_essential,NUFIP1 (26747),1,True,True,
common_essential,NUP107 (57122),1,True,True,
common_essential,NUP133 (55746),1,True,True,
common_essential,NUP153 (9972),1,True,True,
common_essential,NUP155 (9631),1,True,True,
common_essential,NUP160 (23279),1,True,True,
common_essential,NUP205 (23165),1,True,True,
common_essential,NUP214 (8021),1,True,True,
common_essential,NUP43 (348995),1,True,True,
common_essential,NUP54 (53371),1,True,True,
common_essential,NUP85 (79902),1,True,True,
common_essential,NUP88 (4927),1,True,True,
common_essential,NUP93 (9688),1,True,True,
common_essential,NUP98 (4928),1,True,True,
common_essential,NVL (4931),1,True,True,
common_essential,OGDH (4967),1,True,True,
common_essential,OGT (8473),1,True,True,
common_essential,OIP5 (11339),1,True,True,
common_essential,OPA1 (4976),1,True,True,
common_essential,ORC1 (4998),1,True,True,
common_essential,ORC2 (4999),1,True,True,
common_essential,ORC3 (23595),1,True,True,
common_essential,ORC4 (5000),1,True,True,
common_essential,ORC5 (5001),1,True,True,
common_essential,ORC6 (23594),1,True,True,
common_essential,OSBP (5007),1,True,True,
common_essential,OSGEP (55644),1,True,True,
common_essential,OXA1L (5018),1,True,True,
common_essential,PABPN1 (8106),1,True,True,
common_essential,PAF1 (54623),1,True,True,
common_essential,PAFAH1B1 (5048),1,True,True,
common_essential,PAK1IP1 (55003),1,True,True,
common_essential,PALB2 (79728),1,True,True,
common_essential,PARN (5073),1,True,True,
common_essential,PARS2 (25973),1,True,True,
common_essential,PAXBP1 (94104),1,True,True,
common_essential,PCF11 (51585),1,True,True,
common_essential,PCID2 (55795),1,True,True,
common_essential,PCNA (5111),1,True,True,
common_essential,PCNT (5116),1,True,True,
common_essential,PCYT1A (5130),1,True,True,
common_essential,PDAP1 (11333),1,True,True,
common_essential,PDCD11 (22984),1,True,True,
common_essential,PDCD2 (5134),1,True,True,
common_essential,PDCL (5082),1,True,True,
common_essential,PDPK1 (5170),1,True,True,
common_essential,PDRG1 (81572),1,True,True,
common_essential,PDS5A (23244),1,True,True,
common_essential,PES1 (23481),1,True,True,
common_essential,PET117 (100303755),1,True,True,
common_essential,PFAS (5198),1,True,True,
common_essential,PFDN1 (5201),1,True,True,
common_essential,PFDN2 (5202),1,True,True,
common_essential,PFDN6 (10471),1,True,True,
common_essential,PGD (5226),1,True,True,
common_essential,PGGT1B (5229),1,True,True,
common_essential,PGK1 (5230),1,True,True,
common_essential,PGM3 (5238),1,True,True,
common_essential,PGS1 (9489),1,True,True,
common_essential,PHB (5245),0,False,False,absent_from_score_header
common_essential,PIK3C3 (5289),1,True,True,
common_essential,PIK3R4 (30849),1,True,True,
common_essential,PLK1 (5347),1,True,True,
common_essential,PLK4 (10733),1,True,True,
common_essential,PLRG1 (5356),1,True,True,
common_essential,PMF1 (11243),1,True,True,
common_essential,PMPCA (23203),1,True,True,
common_essential,PMPCB (9512),1,True,True,
common_essential,PMVK (10654),1,True,True,
common_essential,PNISR (25957),1,True,True,
common_essential,PNN (5411),1,True,True,
common_essential,PNO1 (56902),1,True,True,
common_essential,PNPT1 (87178),1,True,True,
common_essential,POLA1 (5422),1,True,True,
common_essential,POLA2 (23649),1,True,True,
common_essential,POLD1 (5424),1,True,True,
common_essential,POLD2 (5425),1,True,True,
common_essential,POLD3 (10714),1,True,True,
common_essential,POLE (5426),1,True,True,
common_essential,POLE2 (5427),1,True,True,
common_essential,POLR1A (25885),1,True,True,
common_essential,POLR1B (84172),1,True,True,
common_essential,POLR1C (9533),1,True,True,
common_essential,POLR1E (64425),1,True,True,
common_essential,POLR1F (221830),1,True,True,
common_essential,POLR1G (10849),1,True,True,
common_essential,POLR2B (5431),1,True,True,
common_essential,POLR2C (5432),1,True,True,
common_essential,POLR2D (5433),1,True,True,
common_essential,POLR2E (5434),1,True,True,
common_essential,POLR2F (5435),1,True,True,
common_essential,POLR2I (5438),1,True,True,
common_essential,POLR2L (5441),1,True,True,
common_essential,POLR3A (11128),1,True,True,
common_essential,POLR3B (55703),1,True,True,
common_essential,POLR3C (10623),1,True,True,
common_essential,POLR3E (55718),1,True,True,
common_essential,POLR3F (10621),1,True,True,
common_essential,POLR3H (171568),1,True,True,
common_essential,POLR3K (51728),1,True,True,
common_essential,POP4 (10775),1,True,True,
common_essential,POP7 (10248),1,True,True,
common_essential,PPA1 (5464),1,True,True,
common_essential,PPAN (56342),1,True,True,
common_essential,PPIE (10450),1,True,True,
common_essential,PPIL2 (23759),1,True,True,
common_essential,PPIL4 (85313),1,True,True,
common_essential,PPP1R10 (5514),1,True,True,
common_essential,PPP1R15B (84919),1,True,True,
common_essential,PPP1R2 (5504),1,True,True,
common_essential,PPP1R7 (5510),1,True,True,
common_essential,PPP1R8 (5511),1,True,True,
common_essential,PPP2CA (5515),1,True,True,
common_essential,PPP2R1A (5518),1,True,True,
common_essential,PPP4C (5531),1,True,True,
common_essential,PPP6C (5537),1,True,True,
common_essential,PPRC1 (23082),1,True,True,
common_essential,PPWD1 (23398),1,True,True,
common_essential,PRC1 (9055),1,True,True,
common_essential,PRCC (5546),1,True,True,
common_essential,PREB (10113),1,True,True,
common_essential,PRELID1 (27166),1,True,True,
common_essential,PRIM1 (5557),1,True,True,
common_essential,PRMT1 (3276),1,True,True,
common_essential,PRMT5 (10419),1,True,True,
common_essential,PRORP (9692),1,True,True,
common_essential,PRPF18 (8559),1,True,True,
common_essential,PRPF19 (27339),1,True,True,
common_essential,PRPF3 (9129),1,True,True,
common_essential,PRPF31 (26121),1,True,True,
common_essential,PRPF38B (55119),1,True,True,
common_essential,PRPF39 (55015),1,True,True,
common_essential,PRPF4 (9128),1,True,True,
common_essential,PRPF40A (55660),1,True,True,
common_essential,PRPF4B (8899),1,True,True,
common_essential,PRPF6 (24148),1,True,True,
common_essential,PRPF8 (10594),1,True,True,
common_essential,PSMA1 (5682),1,True,True,
common_essential,PSMA2 (5683),1,True,True,
common_essential,PSMA3 (5684),1,True,True,
common_essential,PSMA5 (5686),1,True,True,
common_essential,PSMA7 (5688),1,True,True,
common_essential,PSMB1 (5689),1,True,True,
common_essential,PSMB2 (5690),1,True,True,
common_essential,PSMB4 (5692),1,True,True,
common_essential,PSMB5 (5693),1,True,True,
common_essential,PSMB6 (5694),1,True,True,
common_essential,PSMB7 (5695),1,True,True,
common_essential,PSMC1 (5700),1,True,True,
common_essential,PSMC3 (5702),1,True,True,
common_essential,PSMC4 (5704),1,True,True,
common_essential,PSMC5 (5705),1,True,True,
common_essential,PSMC6 (5706),1,True,True,
common_essential,PSMD1 (5707),1,True,True,
common_essential,PSMD11 (5717),1,True,True,
common_essential,PSMD12 (5718),1,True,True,
common_essential,PSMD13 (5719),1,True,True,
common_essential,PSMD14 (10213),1,True,True,
common_essential,PSMD2 (5708),1,True,True,
common_essential,PSMD3 (5709),1,True,True,
common_essential,PSMD4 (5710),1,True,True,
common_essential,PSMD6 (9861),1,True,True,
common_essential,PSMD7 (5713),1,True,True,
common_essential,PSMD8 (5714),1,True,True,
common_essential,PSMG1 (8624),1,True,True,
common_essential,PSMG2 (56984),1,True,True,
common_essential,PSMG4 (389362),1,True,True,
common_essential,PSTK (118672),1,True,True,
common_essential,PTCD3 (55037),1,True,True,
common_essential,PTPMT1 (114971),1,True,True,
common_essential,PWP1 (11137),1,True,True,
common_essential,PWP2 (5822),1,True,True,
common_essential,QARS1 (5859),1,True,True,
common_essential,QRSL1 (55278),1,True,True,
common_essential,RABGGTB (5876),1,True,True,
common_essential,RAC1 (5879),1,True,True,
common_essential,RACGAP1 (29127),1,True,True,
common_essential,RAD1 (5810),1,True,True,
common_essential,RAD50 (10111),1,True,True,
common_essential,RAD51 (5888),1,True,True,
common_essential,RAD51C (5889),1,True,True,
common_essential,RAE1 (8480),1,True,True,
common_essential,RAN (5901),1,True,True,
common_essential,RANBP2 (5903),1,True,True,
common_essential,RANGAP1 (5905),1,True,True,
common_essential,RARS1 (5917),1,True,True,
common_essential,RARS2 (57038),1,True,True,
common_essential,RBBP4 (5928),1,True,True,
common_essential,RBBP5 (5929),1,True,True,
common_essential,RBBP6 (5930),1,True,True,
common_essential,RBBP8 (5932),1,True,True,
common_essential,RBM12 (10137),1,True,True,
common_essential,RBM14 (10432),1,True,True,
common_essential,RBM17 (84991),1,True,True,
common_essential,RBM19 (9904),1,True,True,
common_essential,RBM25 (58517),1,True,True,
common_essential,RBM28 (55131),1,True,True,
common_essential,RBM33 (155435),1,True,True,
common_essential,RBM39 (9584),1,True,True,
common_essential,RBM42 (79171),1,True,True,
common_essential,RBM48 (84060),1,True,True,
common_essential,RBMX (27316),1,True,True,
common_essential,RBMX2 (51634),1,True,True,
common_essential,RBX1 (9978),1,True,True,
common_essential,RCC1 (1104),1,True,True,
common_essential,RCL1 (10171),1,True,True,
common_essential,REV3L (5980),1,True,True,
common_essential,RFC1 (5981),1,True,True,
common_essential,RFC2 (5982),1,True,True,
common_essential,RFC3 (5983),1,True,True,
common_essential,RFC4 (5984),1,True,True,
common_essential,RFC5 (5985),1,True,True,
common_essential,RFT1 (91869),1,True,True,
common_essential,RFWD3 (55159),1,True,True,
common_essential,RHOA (387),1,True,True,
common_essential,RINT1 (60561),1,True,True,
common_essential,RIOK1 (83732),1,True,True,
common_essential,RIOK2 (55781),1,True,True,
common_essential,RNASEH2A (10535),1,True,True,
common_essential,RNASEH2B (79621),1,True,True,
common_essential,RNF168 (165918),1,True,True,
common_essential,RNF20 (56254),1,True,True,
common_essential,RNF40 (9810),1,True,True,
common_essential,RNF8 (9025),1,True,True,
common_essential,RNGTT (8732),1,True,True,
common_essential,RNMT (8731),1,True,True,
common_essential,RNPC3 (55599),1,True,True,
common_essential,RNPS1 (10921),1,True,True,
common_essential,RPA1 (6117),1,True,True,
common_essential,RPA2 (6118),1,True,True,
common_essential,RPAIN (84268),1,True,True,
common_essential,RPAP1 (26015),1,True,True,
common_essential,RPF1 (80135),1,True,True,
common_essential,RPF2 (84154),1,True,True,
common_essential,RPIA (22934),1,True,True,
common_essential,RPL10A (4736),1,True,True,
common_essential,RPL11 (6135),1,True,True,
common_essential,RPL12 (6136),1,True,True,
common_essential,RPL13 (6137),1,True,True,
common_essential,RPL15 (6138),1,False,False,nonfinite_in_full_103_denominator
common_essential,RPL18 (6141),1,True,True,
common_essential,RPL18A (6142),1,True,True,
common_essential,RPL19 (6143),1,True,True,
common_essential,RPL22L1 (200916),1,True,True,
common_essential,RPL23A (6147),1,False,False,nonfinite_in_full_103_denominator
common_essential,RPL27 (6155),1,True,True,
common_essential,RPL27A (6157),1,True,True,
common_essential,RPL29 (6159),0,False,False,absent_from_score_header
common_essential,RPL3 (6122),1,True,True,
common_essential,RPL31 (6160),1,True,True,
common_essential,RPL38 (6169),1,True,True,
common_essential,RPL4 (6124),1,True,True,
common_essential,RPL7L1 (285855),1,False,False,nonfinite_in_full_103_denominator
common_essential,RPL9 (6133),1,False,False,nonfinite_in_full_103_denominator
common_essential,RPLP0 (6175),1,True,True,
common_essential,RPLP2 (6181),1,True,True,
common_essential,RPN1 (6184),1,True,True,
common_essential,RPN2 (6185),1,True,True,
common_essential,RPP14 (11102),1,True,True,
common_essential,RPP30 (10556),1,True,True,
common_essential,RPP38 (10557),1,True,True,
common_essential,RPP40 (10799),1,True,True,
common_essential,RPRD1B (58490),1,True,True,
common_essential,RPS10 (6204),1,False,False,nonfinite_in_full_103_denominator
common_essential,RPS11 (6205),1,True,True,
common_essential,RPS12 (6206),1,True,True,
common_essential,RPS13 (6207),1,True,True,
common_essential,RPS15 (6209),1,True,True,
common_essential,RPS15A (6210),1,True,True,
common_essential,RPS18 (6222),1,True,True,
common_essential,RPS19BP1 (91582),1,True,True,
common_essential,RPS2 (6187),1,False,False,nonfinite_in_full_103_denominator
common_essential,RPS21 (6227),1,True,True,
common_essential,RPS25 (6230),1,True,True,
common_essential,RPS27 (6232),0,False,False,absent_from_score_header
common_essential,RPS29 (6235),1,True,True,
common_essential,RPS4X (6191),1,True,True,
common_essential,RPS6 (6194),1,True,True,
common_essential,RPS8 (6202),1,True,True,
common_essential,RPS9 (6203),1,True,True,
common_essential,RPTOR (57521),1,True,True,
common_essential,RPUSD4 (84881),1,True,True,
common_essential,RRM1 (6240),1,True,True,
common_essential,RRM2 (6241),1,True,True,
common_essential,RRP1 (8568),1,True,True,
common_essential,RRP12 (23223),1,True,True,
common_essential,RRP15 (51018),1,True,True,
common_essential,RRP36 (88745),1,True,True,
common_essential,RRP7A (27341),1,True,True,
common_essential,RRP9 (9136),1,True,True,
common_essential,RSL1D1 (26156),1,True,True,
common_essential,RSRC2 (65117),1,True,True,
common_essential,RTEL1 (51750),1,True,True,
common_essential,RTF1 (23168),1,True,True,
common_essential,RTTN (25914),1,True,True,
common_essential,RUVBL1 (8607),1,True,True,
common_essential,RUVBL2 (10856),1,True,True,
common_essential,SACM1L (22908),1,True,True,
common_essential,SAE1 (10055),1,True,True,
common_essential,SAMD4B (55095),1,True,True,
common_essential,SAMM50 (25813),1,True,True,
common_essential,SAP130 (79595),1,True,True,
common_essential,SAP18 (10284),1,True,True,
common_essential,SARS1 (6301),1,True,True,
common_essential,SARS2 (54938),1,True,True,
common_essential,SART1 (9092),1,True,True,
common_essential,SART3 (9733),1,True,True,
common_essential,SCD (6319),1,True,True,
common_essential,SCFD1 (23256),1,True,True,
common_essential,SCO1 (6341),1,True,True,
common_essential,SDAD1 (55153),1,True,True,
common_essential,SDE2 (163859),1,True,True,
common_essential,SDHA (6389),1,True,True,
common_essential,SDHB (6390),1,True,True,
common_essential,SEC13 (6396),1,True,True,
common_essential,SEC16A (9919),1,True,True,
common_essential,SEC61A1 (29927),1,True,True,
common_essential,SEC61B (10952),1,True,True,
common_essential,SEC62 (7095),1,True,True,
common_essential,SEC63 (11231),1,True,True,
common_essential,SEH1L (81929),1,True,True,
common_essential,SENP6 (26054),1,True,True,
common_essential,SEPSECS (51091),1,True,True,
common_essential,SF1 (7536),1,True,True,
common_essential,SF3A1 (10291),1,True,True,
common_essential,SF3A2 (8175),1,True,True,
common_essential,SF3B1 (23451),1,True,True,
common_essential,SF3B2 (10992),1,True,True,
common_essential,SF3B3 (23450),1,True,True,
common_essential,SFPQ (6421),1,True,True,
common_essential,SFSWAP (6433),1,True,True,
common_essential,SHOC2 (8036),1,True,True,
common_essential,SHQ1 (55164),1,True,True,
common_essential,SKA1 (220134),1,True,True,
common_essential,SKA2 (348235),1,True,True,
common_essential,SKA3 (221150),1,True,True,
common_essential,SLC25A26 (115286),1,True,True,
common_essential,SLC25A3 (5250),1,True,True,
common_essential,SLC35B1 (10237),1,True,True,
common_essential,SLC7A6OS (84138),1,True,True,
common_essential,SLU7 (10569),1,True,True,
common_essential,SMARCA5 (8467),1,True,True,
common_essential,SMARCB1 (6598),1,True,True,
common_essential,SMC1A (8243),1,True,True,
common_essential,SMC2 (10592),1,True,True,
common_essential,SMC3 (9126),1,True,True,
common_essential,SMC4 (10051),1,True,True,
common_essential,SMC5 (23137),1,True,True,
common_essential,SMC6 (79677),1,True,True,
common_essential,SMG1 (23049),1,False,False,nonfinite_in_full_103_denominator
common_essential,SMG5 (23381),1,True,True,
common_essential,SMG6 (23293),1,True,True,
common_essential,SMNDC1 (10285),1,True,True,
common_essential,SNAPC1 (6617),1,True,True,
common_essential,SNAPC3 (6619),1,True,True,
common_essential,SNF8 (11267),1,True,True,
common_essential,SNIP1 (79753),1,True,True,
common_essential,SNRNP200 (23020),1,True,True,
common_essential,SNRNP27 (11017),1,True,True,
common_essential,SNRNP35 (11066),1,True,True,
common_essential,SNRNP40 (9410),1,True,True,
common_essential,SNRNP48 (154007),1,True,True,
common_essential,SNRNP70 (6625),1,True,True,
common_essential,SNRPB (6628),1,True,True,
common_essential,SNRPC (6631),1,True,True,
common_essential,SNRPD2 (6633),1,True,True,
common_essential,SNRPD3 (6634),1,False,False,nonfinite_in_full_103_denominator
common_essential,SNRPE (6635),1,False,False,nonfinite_in_full_103_denominator
common_essential,SNRPF (6636),1,True,True,
common_essential,SNW1 (22938),1,True,True,
common_essential,SOD1 (6647),1,True,True,
common_essential,SOD2 (6648),1,True,True,
common_essential,SON (6651),1,True,True,
common_essential,SPATA5 (166378),1,True,True,
common_essential,SPATA5L1 (79029),1,True,True,
common_essential,SPC24 (147841),1,True,True,
common_essential,SPC25 (57405),1,True,True,
common_essential,SPCS3 (60559),1,True,True,
common_essential,SPDL1 (54908),1,True,True,
common_essential,SPRTN (83932),1,True,True,
common_essential,SRBD1 (55133),1,True,True,
common_essential,SRCAP (10847),1,True,True,
common_essential,SRF (6722),1,True,True,
common_essential,SRFBP1 (153443),1,True,True,
common_essential,SRP19 (6728),1,True,True,
common_essential,SRP68 (6730),1,True,True,
common_essential,SRP72 (6731),1,True,True,
common_essential,SRP9 (6726),1,True,True,
common_essential,SRPRB (58477),1,True,True,
common_essential,SRRM1 (10250),1,True,True,
common_essential,SRRT (51593),1,True,True,
common_essential,SRSF1 (6426),1,True,True,
common_essential,SRSF11 (9295),1,True,True,
common_essential,SRSF2 (6427),1,True,True,
common_essential,SRSF7 (6432),1,True,True,
common_essential,SSRP1 (6749),1,True,True,
common_essential,SSU72 (29101),1,True,True,
common_essential,STIL (6491),1,True,True,
common_essential,STRIP1 (85369),1,True,True,
common_essential,STX18 (53407),1,True,True,
common_essential,STX5 (6811),1,True,True,
common_essential,SUDS3 (64426),1,True,True,
common_essential,SUGP1 (57794),1,True,True,
common_essential,SUGT1 (10910),1,True,True,
common_essential,SUPT16H (11198),1,True,True,
common_essential,SUPT4H1 (6827),1,True,True,
common_essential,SUPT5H (6829),1,True,True,
common_essential,SUPT6H (6830),1,True,True,
common_essential,SUPV3L1 (6832),1,True,True,
common_essential,SURF6 (6838),1,True,True,
common_essential,SYMPK (8189),1,True,True,
common_essential,SYS1 (90196),1,True,True,
common_essential,TACC3 (10460),1,True,True,
common_essential,TAF1 (6872),1,True,True,
common_essential,TAF12 (6883),1,True,True,
common_essential,TAF13 (6884),1,True,True,
common_essential,TAF1B (9014),1,True,True,
common_essential,TAF1C (9013),1,True,True,
common_essential,TAF5 (6877),1,True,True,
common_essential,TAF6 (6878),1,True,True,
common_essential,TAF6L (10629),1,True,True,
common_essential,TANGO6 (79613),1,True,True,
common_essential,TARS1 (6897),1,True,True,
common_essential,TARS2 (80222),1,True,True,
common_essential,TBCA (6902),1,True,True,
common_essential,TBCB (1155),1,True,True,
common_essential,TBCD (6904),1,True,True,
common_essential,TCERG1 (10915),1,True,True,
common_essential,TCP1 (6950),1,True,True,
common_essential,TECR (9524),1,True,True,
common_essential,TEFM (79736),1,True,True,
common_essential,TEX10 (54881),1,True,True,
common_essential,TFAM (7019),1,True,True,
common_essential,TFB1M (51106),1,True,True,
common_essential,THOC1 (9984),1,True,True,
common_essential,THOC5 (8563),1,True,True,
common_essential,THOC7 (80145),1,True,True,
common_essential,TICRR (90381),1,True,True,
common_essential,TIMELESS (8914),1,True,True,
common_essential,TIMM10 (26519),1,True,True,
common_essential,TIMM22 (29928),1,True,True,
common_essential,TIMM44 (10469),1,True,True,
common_essential,TIMM50 (92609),1,False,False,nonfinite_in_full_103_denominator
common_essential,TINF2 (26277),1,True,True,
common_essential,TIPRL (261726),1,True,True,
common_essential,TKT (7086),1,True,True,
common_essential,TMA16 (55319),1,True,True,
common_essential,TMED10 (10972),1,True,True,
common_essential,TMED2 (10959),1,True,True,
common_essential,TMEM199 (147007),1,True,True,
common_essential,TMEM258 (746),1,True,True,
common_essential,TMEM41B (440026),1,True,True,
common_essential,TNPO3 (23534),1,True,True,
common_essential,TOMM22 (56993),1,True,True,
common_essential,TOMM40 (10452),1,True,True,
common_essential,TOP1 (7150),1,True,True,
common_essential,TOP2A (7153),1,True,True,
common_essential,TOP3A (7156),1,True,True,
common_essential,TOPBP1 (11073),1,True,True,
common_essential,TP53RK (112858),1,True,True,
common_essential,TPR (7175),1,True,True,
common_essential,TPT1 (7178),1,True,True,
common_essential,TPX2 (22974),1,True,True,
common_essential,TRAIP (10293),1,True,True,
common_essential,TRAPPC1 (58485),1,True,True,
common_essential,TRAPPC11 (60684),1,True,True,
common_essential,TRAPPC3 (27095),1,True,True,
common_essential,TRAPPC4 (51399),1,True,True,
common_essential,TRAPPC8 (22878),1,True,True,
common_essential,TRIAP1 (51499),1,True,True,
common_essential,TRMT5 (57570),1,True,True,
common_essential,TRMT6 (51605),1,True,True,
common_essential,TRMT61A (115708),1,True,True,
common_essential,TRNAU1AP (54952),1,True,True,
common_essential,TRRAP (8295),1,True,True,
common_essential,TRUB2 (26995),1,True,True,
common_essential,TSEN2 (80746),1,True,True,
common_essential,TSEN54 (283989),1,True,True,
common_essential,TSG101 (7251),1,True,True,
common_essential,TSR1 (55720),1,True,True,
common_essential,TSR2 (90121),1,True,True,
common_essential,TTC1 (7265),1,True,True,
common_essential,TTC27 (55622),1,True,True,
common_essential,TTF1 (7270),1,True,True,
common_essential,TTF2 (8458),1,True,True,
common_essential,TTI1 (9675),1,True,True,
common_essential,TTK (7272),1,True,True,
common_essential,TUBA1B (10376),1,True,True,
common_essential,TUBB (203068),1,True,True,
common_essential,TUBD1 (51174),1,True,True,
common_essential,TUBE1 (51175),1,True,True,
common_essential,TUBG1 (7283),1,True,True,
common_essential,TUBGCP3 (10426),1,True,True,
common_essential,TUBGCP4 (27229),1,True,True,
common_essential,TUBGCP6 (85378),1,True,True,
common_essential,TUFM (7284),1,True,True,
common_essential,TUT1 (64852),1,True,True,
common_essential,TXN (7295),1,True,True,
common_essential,TXNL4A (10907),1,True,True,
common_essential,U2AF1 (7307),1,True,True,
common_essential,U2AF2 (11338),1,True,True,
common_essential,U2SURP (23350),1,True,True,
common_essential,UBA1 (7317),1,True,True,
common_essential,UBA2 (10054),1,True,True,
common_essential,UBA3 (9039),1,True,True,
common_essential,UBE2I (7329),1,True,True,
common_essential,UBE2M (9040),1,True,True,
common_essential,UBE3D (90025),1,True,True,
common_essential,UBL5 (59286),1,True,True,
common_essential,UBR4 (23352),1,True,True,
common_essential,UBTF (7343),1,True,True,
common_essential,UCHL5 (51377),1,True,True,
common_essential,UMPS (7372),1,True,True,
common_essential,UPF1 (5976),1,True,True,
common_essential,UPF2 (26019),1,True,True,
common_essential,UQCRC1 (7384),1,True,True,
common_essential,UQCRFS1 (7386),1,True,True,
common_essential,UQCRQ (27089),1,True,True,
common_essential,URB1 (9875),1,True,True,
common_essential,URB2 (9816),1,True,True,
common_essential,URI1 (8725),1,True,True,
common_essential,URM1 (81605),1,True,True,
common_essential,UROD (7389),1,True,True,
common_essential,USE1 (55850),1,True,True,
common_essential,USP36 (57602),1,True,True,
common_essential,USP37 (57695),1,True,True,
common_essential,USP39 (10713),1,True,True,
common_essential,USP5 (8078),1,True,True,
common_essential,USPL1 (10208),1,True,True,
common_essential,UTP14A (10813),1,True,True,
common_essential,UTP15 (84135),1,True,True,
common_essential,UTP18 (51096),1,True,True,
common_essential,UTP20 (27340),1,True,True,
common_essential,UTP6 (55813),1,True,True,
common_essential,UVRAG (7405),1,True,True,
common_essential,UXT (8409),1,True,True,
common_essential,VARS1 (7407),1,True,True,
common_essential,VCP (7415),1,True,True,
common_essential,VMP1 (81671),1,True,True,
common_essential,VPS13D (55187),1,True,True,
common_essential,VPS25 (84313),1,True,True,
common_essential,VPS29 (51699),1,True,True,
common_essential,VPS52 (6293),1,True,True,
common_essential,VPS53 (55275),1,True,True,
common_essential,VPS72 (6944),1,True,True,
common_essential,WARS1 (7453),1,True,True,
common_essential,WARS2 (10352),1,True,True,
common_essential,WBP11 (51729),1,True,True,
common_essential,WDHD1 (11169),1,True,True,
common_essential,WDR12 (55759),1,True,True,
common_essential,WDR18 (57418),1,True,True,
common_essential,WDR25 (79446),1,True,True,
common_essential,WDR3 (10885),1,True,True,
common_essential,WDR33 (55339),1,True,True,
common_essential,WDR36 (134430),1,False,False,nonfinite_in_full_103_denominator
common_essential,WDR4 (10785),1,True,True,
common_essential,WDR43 (23160),1,True,True,
common_essential,WDR46 (9277),1,True,True,
common_essential,WDR5 (11091),1,True,True,
common_essential,WDR55 (54853),1,True,True,
common_essential,WDR70 (55100),1,False,False,nonfinite_in_full_103_denominator
common_essential,WDR74 (54663),1,True,True,
common_essential,WDR75 (84128),1,True,True,
common_essential,WDR77 (79084),1,True,True,
common_essential,WDR82 (80335),1,True,True,
common_essential,WEE1 (7465),1,True,True,
common_essential,WNK1 (65125),1,True,True,
common_essential,XAB2 (56949),1,True,True,
common_essential,XPO1 (7514),1,True,True,
common_essential,XPO5 (57510),1,True,True,
common_essential,XRCC2 (7516),1,True,True,
common_essential,XRCC3 (7517),1,True,True,
common_essential,XRCC6 (2547),1,True,True,
common_essential,XRN1 (54464),1,True,True,
common_essential,XRN2 (22803),1,True,True,
common_essential,YARS1 (8565),1,True,True,
common_essential,YARS2 (51067),1,True,True,
common_essential,YEATS2 (55689),1,True,True,
common_essential,YEATS4 (8089),1,True,True,
common_essential,YJU2B (81576),1,True,True,
common_essential,YKT6 (10652),1,True,True,
common_essential,YRDC (79693),1,True,True,
common_essential,YTHDC1 (91746),1,True,True,
common_essential,YY1 (7528),1,True,True,
common_essential,ZBTB11 (27107),1,True,True,
common_essential,ZBTB17 (7709),1,True,True,
common_essential,ZBTB8OS (339487),1,True,True,
common_essential,ZC3H18 (124245),1,True,True,
common_essential,ZC3H8 (84524),1,True,True,
common_essential,ZCCHC9 (84240),1,True,True,
common_essential,ZCRB1 (85437),1,True,True,
common_essential,ZFC3H1 (196441),1,True,True,
common_essential,ZMAT2 (153527),1,True,True,
common_essential,ZMAT5 (55954),1,True,True,
common_essential,ZNF131 (7690),1,True,True,
common_essential,ZNF143 (7702),1,True,True,
common_essential,ZNF207 (7756),1,True,True,
common_essential,ZNF335 (63925),1,True,True,
common_essential,ZNF407 (55628),1,True,True,
common_essential,ZNF574 (64763),1,True,True,
common_essential,ZNF622 (90441),1,True,True,
common_essential,ZNHIT6 (54680),1,True,True,
common_essential,ZZZ3 (26009),1,True,True,
nonessential,ABCG8 (64241),1,True,True,
nonessential,ACCSL (390110),1,True,True,
nonessential,ACTL7A (10881),1,True,True,
nonessential,ACTL7B (10880),1,True,True,
nonessential,ACTL9 (284382),1,True,True,
nonessential,ADAD1 (132612),1,True,True,
nonessential,ADAM18 (8749),1,True,True,
nonessential,ADAM2 (2515),1,True,True,
nonessential,ADAM20 (8748),1,True,True,
nonessential,ADAM30 (11085),1,True,True,
nonessential,ADGRG7 (84873),1,True,True,
nonessential,ADH7 (131),1,True,True,
nonessential,AFM (173),1,True,True,
nonessential,AICDA (57379),1,True,True,
nonessential,AIPL1 (23746),1,True,True,
nonessential,ALPG (251),1,True,True,
nonessential,ALPI (248),1,True,True,
nonessential,ALX3 (257),1,True,True,
nonessential,ANKRD30A (91074),1,True,True,
nonessential,ANTXRL (195977),1,True,True,
nonessential,APOA4 (337),1,True,True,
nonessential,APOBEC1 (339),1,True,True,
nonessential,APOF (319),1,True,True,
nonessential,AQP8 (343),1,True,True,
nonessential,ARGFX (503582),1,True,True,
nonessential,ART1 (417),1,True,True,
nonessential,ASB17 (127247),1,True,True,
nonessential,ASIC5 (51802),1,True,True,
nonessential,ASZ1 (136991),1,True,True,
nonessential,ATOH1 (474),1,True,True,
nonessential,ATP4B (496),1,True,True,
nonessential,ATP6V1G3 (127124),1,True,True,
nonessential,B3GNT6 (192134),1,True,True,
nonessential,BANF2 (140836),1,True,True,
nonessential,BARHL1 (56751),1,True,True,
nonessential,BIRC8 (112401),0,False,False,absent_from_score_header
nonessential,BMP10 (27302),1,True,True,
nonessential,BPIFA1 (51297),1,True,True,
nonessential,BPIFA3 (128861),1,True,True,
nonessential,BPIFB3 (359710),1,True,True,
nonessential,BPIFB6 (128859),1,True,True,
nonessential,BPIFC (254240),1,True,True,
nonessential,BRDT (676),1,True,True,
nonessential,BSND (7809),1,True,True,
nonessential,C10orf113 (387638),0,False,False,absent_from_score_header
nonessential,C10orf120 (399814),1,True,True,
nonessential,C10orf53 (282966),1,True,True,
nonessential,C11orf40 (143501),0,False,False,absent_from_score_header
nonessential,C12orf40 (283461),1,True,True,
nonessential,C16orf78 (123970),1,True,True,
nonessential,C17orf78 (284099),1,True,True,
nonessential,C1orf146 (388649),1,True,True,
nonessential,C20orf173 (140873),1,True,True,
nonessential,C2orf83 (56918),0,False,False,absent_from_score_header
nonessential,C8A (731),1,True,True,
nonessential,C8B (732),1,True,True,
nonessential,C8orf86 (389649),0,False,False,absent_from_score_header
nonessential,CABP2 (51475),1,True,True,
nonessential,CABP5 (56344),1,True,True,
nonessential,CABS1 (85438),1,True,True,
nonessential,CACNG2 (10369),1,True,True,
nonessential,CACNG3 (10368),1,True,True,
nonessential,CACNG5 (27091),1,True,True,
nonessential,CATSPER4 (378807),1,True,True,
nonessential,CBLIF (2694),1,True,True,
nonessential,CCDC172 (374355),1,True,True,
nonessential,CCDC83 (220047),1,True,True,
nonessential,CCKAR (886),1,True,True,
nonessential,CCL1 (6346),1,True,True,
nonessential,CCT8L2 (150160),1,True,True,
nonessential,CD200R1L (344807),1,True,True,
nonessential,CDCP2 (200008),1,True,True,
nonessential,CDX2 (1045),1,True,True,
nonessential,CEACAM7 (1087),1,True,True,
nonessential,CELA2A (63036),1,True,True,
nonessential,CELA3A (10136),1,True,True,
nonessential,CELA3B (23436),1,True,True,
nonessential,CER1 (9350),1,True,True,
nonessential,CETN1 (1068),1,True,True,
nonessential,CFHR2 (3080),1,True,True,
nonessential,CFHR5 (81494),1,True,True,
nonessential,CHAT (1103),1,True,True,
nonessential,CHRNA6 (8973),1,True,True,
nonessential,CHRNB3 (1142),1,True,True,
nonessential,CLCA1 (1179),1,True,True,
nonessential,CLDN17 (26285),1,True,True,
nonessential,CLEC2A (387836),1,True,True,
nonessential,CLEC3A (10143),1,True,True,
nonessential,CLEC6A (93978),1,True,True,
nonessential,CLRN1 (7401),1,True,True,
nonessential,CNBD1 (168975),1,True,True,
nonessential,CNGB3 (54714),1,True,True,
nonessential,CNPY1 (285888),1,True,True,
nonessential,CNTNAP5 (129684),1,True,True,
nonessential,COL20A1 (57642),1,True,True,
nonessential,COX7B2 (170712),1,True,True,
nonessential,CRNN (49860),1,True,True,
nonessential,CRX (1406),1,True,True,
nonessential,CRYGB (1419),1,True,True,
nonessential,CSH1 (1442),0,False,False,absent_from_score_header
nonessential,CSHL1 (1444),1,True,True,
nonessential,CSN2 (1447),1,True,True,
nonessential,CSN3 (1448),1,True,True,
nonessential,CST11 (140880),1,True,True,
nonessential,CST4 (1472),1,True,True,
nonessential,CST5 (1473),1,True,True,
nonessential,CST8 (10047),1,True,True,
nonessential,CST9 (128822),1,True,True,
nonessential,CST9L (128821),1,True,True,
nonessential,CSTL1 (128817),1,True,True,
nonessential,CTCFL (140690),1,True,True,
nonessential,CTRB1 (1504),1,False,False,nonfinite_in_full_103_denominator
nonessential,CYLC2 (1539),1,True,True,
nonessential,CYP11B1 (1584),1,True,True,
nonessential,CYP11B2 (1585),1,True,True,
nonessential,CYP26C1 (340665),1,True,True,
nonessential,CYP2A13 (1553),1,True,True,
nonessential,CYP2C19 (1557),1,True,True,
nonessential,CYP4A22 (284541),1,True,True,
nonessential,CYP7A1 (1581),1,True,True,
nonessential,DAZL (1618),1,True,True,
nonessential,DCAF4L2 (138009),1,True,True,
nonessential,DCANP1 (140947),1,True,True,
nonessential,DDI1 (414301),1,True,True,
nonessential,DDX4 (54514),1,True,True,
nonessential,DEFA5 (1670),1,True,True,
nonessential,DEFA6 (1671),1,True,True,
nonessential,DEFB103B (55894),0,False,False,absent_from_score_header
nonessential,DEFB104A (140596),0,False,False,absent_from_score_header
nonessential,DEFB106A (245909),0,False,False,absent_from_score_header
nonessential,DEFB118 (117285),1,True,True,
nonessential,DEFB123 (245936),1,True,True,
nonessential,DEFB126 (81623),1,True,True,
nonessential,DEFB127 (140850),1,True,True,
nonessential,DEFB129 (140881),1,True,True,
nonessential,DIRC1 (116093),0,False,False,absent_from_score_header
nonessential,DMP1 (1758),1,True,True,
nonessential,DMRT1 (1761),1,True,True,
nonessential,DMRTB1 (63948),1,True,True,
nonessential,DMRTC2 (63946),1,True,True,
nonessential,DPRX (503834),1,True,True,
nonessential,DRD3 (1814),1,True,True,
nonessential,DRGX (644168),1,True,True,
nonessential,DSCR4 (10281),0,False,False,absent_from_score_header
nonessential,DSG4 (147409),1,True,True,
nonessential,DSPP (1834),1,True,True,
nonessential,DTX2 (113878),1,True,True,
nonessential,DUXA (503835),1,True,True,
nonessential,EFCAB3 (146779),1,True,True,
nonessential,EGR4 (1961),1,True,True,
nonessential,ELOA2 (51224),1,True,True,
nonessential,ENTHD1 (150350),1,True,True,
nonessential,EVX1 (2128),1,True,True,
nonessential,F13B (2165),1,True,True,
nonessential,FABP2 (2169),1,True,True,
nonessential,FAM71A (149647),0,False,False,absent_from_score_header
nonessential,FAM71B (153745),0,False,False,absent_from_score_header
nonessential,FAM71C (196472),0,False,False,absent_from_score_header
nonessential,FCRL4 (83417),1,True,True,
nonessential,FEZF1 (389549),1,True,True,
nonessential,FEZF2 (55079),1,True,True,
nonessential,FFAR1 (2864),1,True,True,
nonessential,FGF3 (2248),1,True,True,
nonessential,FGF4 (2249),1,True,True,
nonessential,FGF6 (2251),1,True,True,
nonessential,FIGLA (344018),1,True,True,
nonessential,FLG2 (388698),1,True,True,
nonessential,FNDC7 (163479),1,True,True,
nonessential,FNDC9 (408263),1,True,True,
nonessential,FOXB1 (27023),1,True,True,
nonessential,FOXB2 (442425),1,True,True,
nonessential,FOXD4L4 (349334),0,False,False,absent_from_score_header
nonessential,FOXE3 (2301),1,True,True,
nonessential,FOXN1 (8456),1,True,True,
nonessential,FOXR1 (283150),1,True,True,
nonessential,FRG2 (448831),0,False,False,absent_from_score_header
nonessential,FSCB (84075),1,True,True,
nonessential,FUT5 (2527),1,True,True,
nonessential,FUT9 (10690),1,True,True,
nonessential,G6PC1 (2538),1,True,True,
nonessential,GABRA1 (2554),1,True,True,
nonessential,GABRA6 (2559),1,True,True,
nonessential,GALNTL5 (168391),1,True,True,
nonessential,GALR1 (2587),1,True,True,
nonessential,GALR3 (8484),1,True,True,
nonessential,GBP7 (388646),1,True,True,
nonessential,GCG (2641),1,True,True,
nonessential,GCM2 (9247),1,True,True,
nonessential,GDF2 (2658),1,True,True,
nonessential,GFRA4 (64096),1,True,True,
nonessential,GFRAL (389400),1,True,True,
nonessential,GH2 (2689),1,True,True,
nonessential,GHRH (2691),1,True,True,
nonessential,GHSR (2693),1,True,True,
nonessential,GJA10 (84694),1,True,True,
nonessential,GJA8 (2703),1,True,True,
nonessential,GK2 (2712),1,True,True,
nonessential,GKN2 (200504),1,True,True,
nonessential,GLRA1 (2741),1,True,True,
nonessential,GLT6D1 (360203),1,True,True,
nonessential,GML (2765),1,True,True,
nonessential,GOT1L1 (137362),1,True,True,
nonessential,GPR139 (124274),1,True,True,
nonessential,GPR148 (344561),1,True,True,
nonessential,GPR151 (134391),1,True,True,
nonessential,GPR152 (390212),1,True,True,
nonessential,GPR26 (2849),1,True,True,
nonessential,GPR31 (2853),1,True,True,
nonessential,GPR32 (2854),1,True,True,
nonessential,GPR45 (11250),1,True,True,
nonessential,GPR52 (9293),1,True,True,
nonessential,GPR78 (27201),1,True,True,
nonessential,GPRC6A (222545),1,True,True,
nonessential,GPX5 (2880),1,True,True,
nonessential,GPX6 (257202),1,True,True,
nonessential,GRM4 (2914),1,True,True,
nonessential,GRM5 (2915),1,True,True,
nonessential,GRM6 (2916),1,True,True,
nonessential,GSC2 (2928),1,True,True,
nonessential,GSTA5 (221357),1,True,True,
nonessential,GSX1 (219409),1,True,True,
nonessential,GSX2 (170825),1,True,True,
nonessential,GUCA2A (2980),1,True,True,
nonessential,H1-8 (132243),1,True,True,
nonessential,H2AC1 (221613),1,True,True,
nonessential,H2BC1 (255626),1,True,True,
nonessential,H4C7 (8369),1,True,True,
nonessential,HAO1 (54363),1,True,True,
nonessential,HCRTR2 (3062),1,True,True,
nonessential,HDGFL1 (154150),1,True,True,
nonessential,HMX1 (3166),1,True,True,
nonessential,HOXB1 (3211),1,True,True,
nonessential,HOXD12 (3238),1,True,True,
nonessential,HRG (3273),1,True,True,
nonessential,HRH3 (11255),1,True,True,
nonessential,HTN3 (3347),1,False,False,nonfinite_in_full_103_denominator
nonessential,HTR1A (3350),1,True,True,
nonessential,HTR3C (170572),1,True,True,
nonessential,HTR3D (200909),1,True,True,
nonessential,HTR3E (285242),1,True,True,
nonessential,HTR5A (3361),1,True,True,
nonessential,HTR6 (3362),1,True,True,
nonessential,IAPP (3375),1,True,True,
nonessential,IFIT1B (439996),1,True,True,
nonessential,IFNA10 (3446),1,True,True,
nonessential,IFNA14 (3448),1,True,True,
nonessential,IFNA16 (3449),1,True,True,
nonessential,IFNA17 (3451),1,False,False,nonfinite_in_full_103_denominator
nonessential,IFNA2 (3440),1,False,False,nonfinite_in_full_103_denominator
nonessential,IFNA21 (3452),1,False,False,nonfinite_in_full_103_denominator
nonessential,IFNA4 (3441),1,False,False,nonfinite_in_full_103_denominator
nonessential,IFNA5 (3442),1,True,True,
nonessential,IFNA6 (3443),1,True,True,
nonessential,IFNA7 (3444),1,False,False,nonfinite_in_full_103_denominator
nonessential,IFNA8 (3445),1,True,True,
nonessential,IFNB1 (3456),1,True,True,
nonessential,IFNK (56832),1,True,True,
nonessential,IFNW1 (3467),1,True,True,
nonessential,IL12B (3593),1,True,True,
nonessential,IL13 (3596),1,True,True,
nonessential,IL17A (3605),1,True,True,
nonessential,IL17F (112744),1,True,True,
nonessential,IL1F10 (84639),1,True,True,
nonessential,IL21 (59067),1,True,True,
nonessential,IL22 (50616),1,True,True,
nonessential,IL25 (64806),1,True,True,
nonessential,IL26 (55801),1,True,True,
nonessential,IL3 (3562),1,True,True,
nonessential,IL31 (386653),1,True,True,
nonessential,IL36A (27179),1,True,True,
nonessential,IL36B (27177),1,True,True,
nonessential,IL36RN (26525),1,True,True,
nonessential,IL9 (3578),1,True,True,
nonessential,INS (3630),1,True,True,
nonessential,INSL5 (10022),1,True,True,
nonessential,INSL6 (11172),1,True,True,
nonessential,INSM2 (84684),1,True,True,
nonessential,INSRR (3645),1,True,True,
nonessential,IQCF1 (132141),1,True,True,
nonessential,IRGC (56269),1,True,True,
nonessential,ISX (91464),1,True,True,
nonessential,IZUMO2 (126123),1,True,True,
nonessential,KASH5 (147872),1,True,True,
nonessential,KCNA10 (3744),1,True,True,
nonessential,KCNB2 (9312),1,True,True,
nonessential,KCNG4 (93107),1,True,True,
nonessential,KCNK10 (54207),1,True,True,
nonessential,KCNK16 (83795),1,True,True,
nonessential,KCNK18 (338567),1,True,True,
nonessential,KCNV1 (27012),1,True,True,
nonessential,KHDC3L (154288),1,True,True,
nonessential,KIF2B (84643),1,True,True,
nonessential,KIR2DL1 (3802),1,True,True,
nonessential,KIR3DL3 (115653),1,True,True,
nonessential,KLK12 (43849),1,True,True,
nonessential,KLK9 (284366),1,True,True,
nonessential,KRT2 (3849),1,True,True,
nonessential,KRT25 (147183),1,True,True,
nonessential,KRT26 (353288),1,True,True,
nonessential,KRT28 (162605),1,True,True,
nonessential,KRT33A (3883),1,False,False,nonfinite_in_full_103_denominator
nonessential,KRT35 (3886),1,True,True,
nonessential,KRT36 (8689),1,True,True,
nonessential,KRT37 (8688),1,True,True,
nonessential,KRT38 (8687),1,True,True,
nonessential,KRT40 (125115),1,True,True,
nonessential,KRT71 (112802),1,True,True,
nonessential,KRT73 (319101),1,True,True,
nonessential,KRT74 (121391),1,True,True,
nonessential,KRT75 (9119),1,True,True,
nonessential,KRT76 (51350),1,True,True,
nonessential,KRT77 (374454),1,True,True,
nonessential,KRT78 (196374),1,True,True,
nonessential,KRT82 (3888),1,True,True,
nonessential,KRT84 (3890),1,True,True,
nonessential,KRT85 (3891),1,True,True,
nonessential,KRT86 (3892),1,False,False,nonfinite_in_full_103_denominator
nonessential,KRT9 (3857),1,True,True,
nonessential,KRTAP1-1 (81851),1,True,True,
nonessential,KRTAP10-1 (386677),1,False,False,nonfinite_in_full_103_denominator
nonessential,KRTAP10-10 (353333),1,True,True,
nonessential,KRTAP10-11 (386678),1,True,True,
nonessential,KRTAP10-12 (386685),0,False,False,absent_from_score_header
nonessential,KRTAP10-2 (386679),1,False,False,nonfinite_in_full_103_denominator
nonessential,KRTAP10-4 (386672),0,False,False,absent_from_score_header
nonessential,KRTAP10-5 (386680),1,True,True,
nonessential,KRTAP10-6 (386674),0,False,False,absent_from_score_header
nonessential,KRTAP10-8 (386681),1,True,True,
nonessential,KRTAP10-9 (386676),1,True,True,
nonessential,KRTAP11-1 (337880),1,True,True,
nonessential,KRTAP13-1 (140258),1,True,True,
nonessential,KRTAP13-2 (337959),1,True,True,
nonessential,KRTAP13-3 (337960),1,True,True,
nonessential,KRTAP13-4 (284827),1,True,True,
nonessential,KRTAP15-1 (254950),1,True,True,
nonessential,KRTAP17-1 (83902),1,True,True,
nonessential,KRTAP19-3 (337970),1,False,False,nonfinite_in_full_103_denominator
nonessential,KRTAP23-1 (337963),1,True,True,
nonessential,KRTAP26-1 (388818),1,True,True,
nonessential,KRTAP3-2 (83897),1,True,True,
nonessential,KRTAP4-11 (653240),1,True,True,
nonessential,KRTAP4-12 (83755),0,False,False,absent_from_score_header
nonessential,KRTAP4-2 (85291),1,True,True,
nonessential,KRTAP4-4 (84616),1,False,False,nonfinite_in_full_103_denominator
nonessential,KRTAP4-7 (100132476),0,False,False,absent_from_score_header
nonessential,KRTAP5-2 (440021),1,True,True,
nonessential,KRTAP9-2 (83899),0,False,False,absent_from_score_header
nonessential,KRTAP9-3 (83900),1,False,False,nonfinite_in_full_103_denominator
nonessential,KRTAP9-4 (85280),0,False,False,absent_from_score_header
nonessential,LALBA (3906),1,True,True,
nonessential,LBX1 (10660),1,True,True,
nonessential,LCN9 (392399),1,True,True,
nonessential,LCT (3938),1,True,True,
nonessential,LGALS13 (29124),1,True,True,
nonessential,LGALS14 (56891),1,True,True,
nonessential,LHFPL5 (222662),1,True,True,
nonessential,LHX3 (8022),1,True,True,
nonessential,LHX5 (64211),1,True,True,
nonessential,LIM2 (3982),1,True,True,
nonessential,LIN28A (79727),1,True,True,
nonessential,LINC01599 (196913),0,False,False,absent_from_score_header
nonessential,LIPM (340654),1,True,True,
nonessential,LORICRIN (4014),1,True,True,
nonessential,LRIT1 (26103),1,True,True,
nonessential,LRIT2 (340745),1,True,True,
nonessential,LRRC10 (376132),1,True,True,
nonessential,LYZL1 (84569),0,False,False,absent_from_score_header
nonessential,LYZL6 (57151),1,True,True,
nonessential,MAS1 (4142),1,True,True,
nonessential,MAS1L (116511),1,True,True,
nonessential,MBD3L1 (85509),1,True,True,
nonessential,MBD3L2 (125997),0,False,False,absent_from_score_header
nonessential,MBL2 (4153),1,True,True,
nonessential,MC2R (4158),1,True,True,
nonessential,MC3R (4159),1,True,True,
nonessential,MC5R (4161),1,True,True,
nonessential,MEP1A (4224),1,True,True,
nonessential,MEP1B (4225),1,True,True,
nonessential,MEPE (56955),1,True,True,
nonessential,MFRP (83552),1,True,True,
nonessential,MMD2 (221938),1,True,True,
nonessential,MMP20 (9313),1,True,True,
nonessential,MMP21 (118856),1,True,True,
nonessential,MMP26 (56547),1,True,True,
nonessential,MMP27 (64066),1,True,True,
nonessential,MOGAT3 (346606),1,True,True,
nonessential,MORC1 (27136),1,True,True,
nonessential,MRGPRD (116512),1,True,True,
nonessential,MRGPRX1 (259249),1,True,True,
nonessential,MRGPRX2 (117194),1,True,True,
nonessential,MRGPRX4 (117196),1,True,True,
nonessential,MS4A10 (341116),1,True,True,
nonessential,MS4A13 (503497),1,True,True,
nonessential,MS4A5 (64232),1,True,True,
nonessential,MSGN1 (343930),1,True,True,
nonessential,MT1B (4490),1,True,True,
nonessential,MTNR1B (4544),1,True,True,
nonessential,MUC17 (140453),1,True,True,
nonessential,MUC7 (4589),1,True,True,
nonessential,MUCL3 (135656),1,True,True,
nonessential,MYBPC3 (4607),1,True,True,
nonessential,MYF5 (4617),1,True,True,
nonessential,NANOGNB (360030),1,True,True,
nonessential,NANOS2 (339345),1,True,True,
nonessential,NCR2 (9436),1,True,True,
nonessential,NDST4 (64579),1,True,True,
nonessential,NEUROD2 (4761),1,True,True,
nonessential,NEUROD4 (58158),1,True,True,
nonessential,NEUROD6 (63974),1,True,True,
nonessential,NEUROG1 (4762),1,True,True,
nonessential,NKX2-1 (7080),1,True,True,
nonessential,NKX2-2 (4821),1,True,True,
nonessential,NLRP4 (147945),1,True,True,
nonessential,NLRP5 (126206),1,True,True,
nonessential,NLRP8 (126205),1,True,True,
nonessential,NLRP9 (338321),1,True,True,
nonessential,NMS (129521),1,True,True,
nonessential,NOTO (344022),1,True,True,
nonessential,NOX3 (50508),1,True,True,
nonessential,NPFFR1 (64106),1,True,True,
nonessential,NPHS2 (7827),1,True,True,
nonessential,NPSR1 (387129),1,True,True,
nonessential,NPVF (64111),1,True,True,
nonessential,NR2E1 (7101),1,True,True,
nonessential,OC90 (729330),1,True,True,
nonessential,OLIG2 (10215),1,True,True,
nonessential,OLIG3 (167826),1,True,True,
nonessential,OPALIN (93377),1,True,True,
nonessential,OPN5 (221391),1,True,True,
nonessential,OR10A2 (341276),1,False,False,nonfinite_in_full_103_denominator
nonessential,OR10A4 (283297),1,False,False,nonfinite_in_full_103_denominator
nonessential,OR10A5 (144124),1,False,False,nonfinite_in_full_103_denominator
nonessential,OR10H1 (26539),1,False,False,nonfinite_in_full_103_denominator
nonessential,OR10H2 (26538),1,False,False,nonfinite_in_full_103_denominator
nonessential,OR10H3 (26532),1,False,False,nonfinite_in_full_103_denominator
nonessential,OR10J1 (26476),1,False,False,nonfinite_in_full_103_denominator
nonessential,OR10R2 (343406),1,False,False,nonfinite_in_full_103_denominator
nonessential,OR10S1 (219873),0,False,False,absent_from_score_header
nonessential,OR10X1 (128367),0,False,False,absent_from_score_header
nonessential,OR10Z1 (128368),1,False,False,nonfinite_in_full_103_denominator
nonessential,OR11A1 (26531),1,False,False,nonfinite_in_full_103_denominator
nonessential,OR12D2 (26529),0,False,False,absent_from_score_header
nonessential,OR12D3 (81797),1,False,False,nonfinite_in_full_103_denominator
nonessential,OR13C3 (138803),1,False,False,nonfinite_in_full_103_denominator
nonessential,OR13D1 (286365),1,False,False,nonfinite_in_full_103_denominator
nonessential,OR14A16 (284532),1,False,False,nonfinite_in_full_103_denominator
nonessential,OR1A1 (8383),1,False,False,nonfinite_in_full_103_denominator
nonessential,OR1A2 (26189),1,False,False,nonfinite_in_full_103_denominator
nonessential,OR1B1 (347169),0,False,False,absent_from_score_header
nonessential,OR1D2 (4991),1,False,False,nonfinite_in_full_103_denominator
nonessential,OR1E1 (8387),1,False,False,nonfinite_in_full_103_denominator
nonessential,OR1E2 (8388),1,False,False,nonfinite_in_full_103_denominator
nonessential,OR1G1 (8390),1,False,False,nonfinite_in_full_103_denominator
nonessential,OR1L6 (392390),1,False,False,nonfinite_in_full_103_denominator
nonessential,OR1N2 (138882),1,False,False,nonfinite_in_full_103_denominator
nonessential,OR1S1 (219959),0,False,False,absent_from_score_header
nonessential,OR1S2 (219958),0,False,False,absent_from_score_header
nonessential,OR2AK2 (391191),0,False,False,absent_from_score_header
nonessential,OR2AT4 (341152),1,False,False,nonfinite_in_full_103_denominator
nonessential,OR2C1 (4993),1,False,False,nonfinite_in_full_103_denominator
nonessential,OR2C3 (81472),1,False,False,nonfinite_in_full_103_denominator
nonessential,OR2D2 (120776),1,False,False,nonfinite_in_full_103_denominator
nonessential,OR2D3 (120775),1,False,False,nonfinite_in_full_103_denominator
nonessential,OR2F1 (26211),0,False,False,absent_from_score_header
nonessential,OR2G2 (81470),1,False,False,nonfinite_in_full_103_denominator
nonessential,OR2G3 (81469),1,False,False,nonfinite_in_full_103_denominator
nonessential,OR2H1 (26716),1,False,False,nonfinite_in_full_103_denominator
nonessential,OR2J2 (26707),1,False,False,nonfinite_in_full_103_denominator
nonessential,OR2L3 (391192),1,False,False,nonfinite_in_full_103_denominator
nonessential,OR2T1 (26696),0,False,False,absent_from_score_header
nonessential,OR2T10 (127069),1,False,False,nonfinite_in_full_103_denominator
nonessential,OR2T12 (127064),1,False,False,nonfinite_in_full_103_denominator
nonessential,OR2T2 (401992),1,False,False,nonfinite_in_full_103_denominator
nonessential,OR2T27 (403239),1,False,False,nonfinite_in_full_103_denominator
nonessential,OR2T33 (391195),0,False,False,absent_from_score_header
nonessential,OR2T4 (127074),1,False,False,nonfinite_in_full_103_denominator
nonessential,OR2T5 (401993),1,False,False,nonfinite_in_full_103_denominator
nonessential,OR2W1 (26692),1,False,False,nonfinite_in_full_103_denominator
nonessential,OR3A1 (4994),1,False,False,nonfinite_in_full_103_denominator
nonessential,OR3A2 (4995),0,False,False,absent_from_score_header
nonessential,OR3A3 (8392),0,False,False,absent_from_score_header
nonessential,OR4C11 (219429),1,False,False,nonfinite_in_full_103_denominator
nonessential,OR4C3 (256144),1,False,False,nonfinite_in_full_103_denominator
nonessential,OR4D1 (26689),1,False,False,nonfinite_in_full_103_denominator
nonessential,OR4D10 (390197),1,False,False,nonfinite_in_full_103_denominator
nonessential,OR4D11 (219986),1,False,False,nonfinite_in_full_103_denominator
nonessential,OR4D9 (390199),1,False,False,nonfinite_in_full_103_denominator
nonessential,OR4K17 (390436),1,False,False,nonfinite_in_full_103_denominator
nonessential,OR51B6 (390058),1,False,False,nonfinite_in_full_103_denominator
nonessential,OR51D1 (390038),1,False,False,nonfinite_in_full_103_denominator
nonessential,OR51F2 (119694),1,False,False,nonfinite_in_full_103_denominator
nonessential,OR51T1 (401665),1,False,False,nonfinite_in_full_103_denominator
nonessential,OR51V1 (283111),1,False,False,nonfinite_in_full_103_denominator
nonessential,OR52A1 (23538),1,False,False,nonfinite_in_full_103_denominator
nonessential,OR52A5 (390054),1,False,False,nonfinite_in_full_103_denominator
nonessential,OR52B2 (255725),1,False,False,nonfinite_in_full_103_denominator
nonessential,OR52B6 (340980),1,False,False,nonfinite_in_full_103_denominator
nonessential,OR52E8 (390079),1,False,False,nonfinite_in_full_103_denominator
nonessential,OR52I2 (143502),0,False,False,absent_from_score_header
nonessential,OR52K2 (119774),1,False,False,nonfinite_in_full_103_denominator
nonessential,OR52L1 (338751),1,False,False,nonfinite_in_full_103_denominator
nonessential,OR52M1 (119772),1,False,False,nonfinite_in_full_103_denominator
nonessential,OR52R1 (119695),0,False,False,absent_from_score_header
nonessential,OR52W1 (120787),1,False,False,nonfinite_in_full_103_denominator
nonessential,OR56A1 (120796),1,False,False,nonfinite_in_full_103_denominator
nonessential,OR56A4 (120793),1,False,False,nonfinite_in_full_103_denominator
nonessential,OR56B1 (387748),1,False,False,nonfinite_in_full_103_denominator
nonessential,OR5AU1 (390445),1,False,False,nonfinite_in_full_103_denominator
nonessential,OR5C1 (392391),1,False,False,nonfinite_in_full_103_denominator
nonessential,OR5I1 (10798),1,False,False,nonfinite_in_full_103_denominator
nonessential,OR5M1 (390168),1,False,False,nonfinite_in_full_103_denominator
nonessential,OR5M10 (390167),1,False,False,nonfinite_in_full_103_denominator
nonessential,OR5P2 (120065),1,False,False,nonfinite_in_full_103_denominator
nonessential,OR5P3 (120066),1,False,False,nonfinite_in_full_103_denominator
nonessential,OR5T1 (390155),1,False,False,nonfinite_in_full_103_denominator
nonessential,OR5T2 (219464),1,False,False,nonfinite_in_full_103_denominator
nonessential,OR5T3 (390154),1,False,False,nonfinite_in_full_103_denominator
nonessential,OR5V1 (81696),1,False,False,nonfinite_in_full_103_denominator
nonessential,OR5W2 (390148),1,False,False,nonfinite_in_full_103_denominator
nonessential,OR6A2 (8590),1,False,False,nonfinite_in_full_103_denominator
nonessential,OR6K6 (128371),0,False,False,absent_from_score_header
nonessential,OR6S1 (341799),1,False,False,nonfinite_in_full_103_denominator
nonessential,OR6V1 (346517),1,False,False,nonfinite_in_full_103_denominator
nonessential,OR7A17 (26333),1,False,False,nonfinite_in_full_103_denominator
nonessential,OR7C2 (26658),1,False,False,nonfinite_in_full_103_denominator
nonessential,OR7D4 (125958),1,False,False,nonfinite_in_full_103_denominator
nonessential,OR7G2 (390882),1,False,False,nonfinite_in_full_103_denominator
nonessential,OR8A1 (390275),1,False,False,nonfinite_in_full_103_denominator
nonessential,OR8B8 (26493),1,False,False,nonfinite_in_full_103_denominator
nonessential,OR8G5 (219865),1,False,False,nonfinite_in_full_103_denominator
nonessential,OR8U1 (219417),1,False,False,nonfinite_in_full_103_denominator
nonessential,OR8U3 (219479),0,False,False,absent_from_score_header
nonessential,OR9Q2 (219957),1,False,False,nonfinite_in_full_103_denominator
nonessential,OTOP1 (133060),1,True,True,
nonessential,OTOP3 (347741),1,True,True,
nonessential,OTOR (56914),1,True,True,
nonessential,OTP (23440),1,True,True,
nonessential,OTX2 (5015),1,True,True,
nonessential,PANX3 (116337),1,True,True,
nonessential,PAX1 (5075),1,True,True,
nonessential,PAX4 (5078),1,True,True,
nonessential,PBOV1 (59351),1,True,True,
nonessential,PCARE (388939),1,True,True,
nonessential,PDCL2 (132954),1,True,True,
nonessential,PDE6H (5149),1,True,True,
nonessential,PDILT (204474),1,True,True,
nonessential,PDX1 (3651),1,True,True,
nonessential,PDYN (5173),1,True,True,
nonessential,PGK2 (5232),1,True,True,
nonessential,PGLYRP2 (114770),1,True,True,
nonessential,PGLYRP3 (114771),1,True,True,
nonessential,PIWIL1 (9271),1,True,True,
nonessential,PIWIL3 (440822),1,True,True,
nonessential,PLA2G2E (30814),1,True,True,
nonessential,PLA2G2F (64600),1,True,True,
nonessential,PLA2G4E (123745),1,True,True,
nonessential,PNLIP (5406),1,True,True,
nonessential,PNLIPRP1 (5407),1,True,True,
nonessential,PNPLA5 (150379),1,True,True,
nonessential,POM121L12 (285877),1,True,True,
nonessential,POTED (317754),1,True,True,
nonessential,POTEG (404785),1,False,False,nonfinite_in_full_103_denominator
nonessential,POTEH (23784),1,False,False,nonfinite_in_full_103_denominator
nonessential,POU4F2 (5458),1,True,True,
nonessential,POU4F3 (5459),1,True,True,
nonessential,POU5F2 (134187),1,True,True,
nonessential,PPP3R2 (5535),1,True,True,
nonessential,PRAMEF1 (65121),1,False,False,nonfinite_in_full_103_denominator
nonessential,PRAMEF2 (65122),1,False,False,nonfinite_in_full_103_denominator
nonessential,PRAMEF4 (400735),1,False,False,nonfinite_in_full_103_denominator
nonessential,PRAMEF7 (441871),0,False,False,absent_from_score_header
nonessential,PRB1 (5542),0,False,False,absent_from_score_header
nonessential,PRB4 (5545),1,False,False,nonfinite_in_full_103_denominator
nonessential,PRDM13 (59336),1,True,True,
nonessential,PRDM14 (63978),1,True,True,
nonessential,PRDM7 (11105),1,True,True,
nonessential,PRDM9 (56979),1,True,True,
nonessential,PRG3 (10394),1,True,True,
nonessential,PRLH (51052),1,True,True,
nonessential,PRLHR (2834),1,True,True,
nonessential,PROP1 (5626),1,True,True,
nonessential,PRSS33 (260429),1,True,True,
nonessential,PRSS37 (136242),1,True,True,
nonessential,PRSS38 (339501),1,True,True,
nonessential,PRSS55 (203074),1,True,True,
nonessential,PRSS58 (136541),1,True,True,
nonessential,PSKH2 (85481),1,True,True,
nonessential,PTF1A (256297),1,True,True,
nonessential,RAX (30062),1,True,True,
nonessential,RAX2 (84839),1,True,True,
nonessential,RBM46 (166863),1,True,True,
nonessential,RBMXL2 (27288),1,True,True,
nonessential,RBP3 (5949),1,True,True,
nonessential,RBPJL (11317),1,True,True,
nonessential,RD3 (343035),1,True,True,
nonessential,RDH8 (50700),1,True,True,
nonessential,REG3A (5068),1,True,True,
nonessential,RESP18 (389075),1,True,True,
nonessential,RETNLB (84666),1,True,True,
nonessential,RFPL3 (10738),1,True,True,
nonessential,RFPL4B (442247),1,True,True,
nonessential,RFX6 (222546),1,True,True,
nonessential,RHO (6010),1,True,True,
nonessential,RNASE10 (338879),1,True,True,
nonessential,RNASE11 (122651),1,True,True,
nonessential,RNASE12 (493901),1,True,True,
nonessential,RNASE13 (440163),1,True,True,
nonessential,RNASE8 (122665),1,True,True,
nonessential,RNASE9 (390443),1,True,True,
nonessential,RND2 (8153),1,True,True,
nonessential,RNF113B (140432),1,True,True,
nonessential,RNF17 (56163),1,True,True,
nonessential,RP1 (6101),1,True,True,
nonessential,RP1L1 (94137),1,True,True,
nonessential,RPE65 (6121),1,True,True,
nonessential,RPTN (126638),1,True,True,
nonessential,RTP1 (132112),1,True,True,
nonessential,RTP2 (344892),1,True,True,
nonessential,RXFP2 (122042),1,True,True,
nonessential,RXFP3 (51289),1,True,True,
nonessential,S100A7A (338324),1,False,False,nonfinite_in_full_103_denominator
nonessential,SAMD7 (344658),1,True,True,
nonessential,SCGB1D1 (10648),1,True,True,
nonessential,SCN10A (6336),1,True,True,
nonessential,SCRT2 (85508),1,True,True,
nonessential,SDR9C7 (121214),1,True,True,
nonessential,SEC14L3 (266629),1,True,True,
nonessential,SEMG2 (6407),1,True,True,
nonessential,SEPTIN14 (346288),1,False,False,nonfinite_in_full_103_denominator
nonessential,SERPINA12 (145264),1,True,True,
nonessential,SERPINA9 (327657),1,True,True,
nonessential,SERPINB12 (89777),1,True,True,
nonessential,SHCBP1L (81626),1,True,True,
nonessential,SI (6476),1,True,True,
nonessential,SIGLECL1 (284369),1,True,True,
nonessential,SIX6 (4990),1,True,True,
nonessential,SLC10A2 (6555),1,True,True,
nonessential,SLC13A1 (6561),1,True,True,
nonessential,SLC17A2 (10246),1,True,True,
nonessential,SLC17A6 (57084),1,True,True,
nonessential,SLC18A3 (6572),1,True,True,
nonessential,SLC22A12 (116085),1,True,True,
nonessential,SLC22A13 (9390),1,True,True,
nonessential,SLC22A25 (387601),1,True,True,
nonessential,SLC22A6 (9356),1,True,True,
nonessential,SLC22A8 (9376),1,True,True,
nonessential,SLC22A9 (114571),1,True,True,
nonessential,SLC25A2 (83884),1,True,True,
nonessential,SLC25A31 (83447),1,True,True,
nonessential,SLC2A2 (6514),1,True,True,
nonessential,SLC2A7 (155184),1,True,True,
nonessential,SLC32A1 (140679),1,True,True,
nonessential,SLC34A1 (6569),1,True,True,
nonessential,SLC36A3 (285641),1,True,True,
nonessential,SLC39A12 (221074),1,True,True,
nonessential,SLC6A18 (348932),1,True,True,
nonessential,SLC6A5 (9152),1,True,True,
nonessential,SLC6A7 (6534),1,True,True,
nonessential,SLC7A13 (157724),1,True,True,
nonessential,SLCO1B1 (10599),1,True,True,
nonessential,SLCO6A1 (133482),1,True,True,
nonessential,SLITRK1 (114798),1,True,True,
nonessential,SOHLH1 (402381),1,True,True,
nonessential,SOX1 (6656),1,True,True,
nonessential,SOX14 (8403),1,True,True,
nonessential,SP8 (221833),1,True,True,
nonessential,SPACA1 (81833),1,True,True,
nonessential,SPACA7 (122258),1,True,True,
nonessential,SPATA16 (83893),1,True,True,
nonessential,SPATA21 (374955),1,True,True,
nonessential,SPEM1 (374768),1,True,True,
nonessential,SPHAR (10638),0,False,False,absent_from_score_header
nonessential,SPINK14 (408187),1,True,True,
nonessential,SPO11 (23626),1,True,True,
nonessential,SPPL2C (162540),1,True,True,
nonessential,SPRR4 (163778),1,True,True,
nonessential,SSTR4 (6754),1,True,True,
nonessential,STATH (6779),1,True,True,
nonessential,STPG4 (285051),1,True,True,
nonessential,SULT6B1 (391365),1,True,True,
nonessential,SUN5 (140732),1,True,True,
nonessential,TAAR1 (134864),1,True,True,
nonessential,TAAR2 (9287),1,True,True,
nonessential,TAAR5 (9038),1,True,True,
nonessential,TAAR6 (319100),1,True,True,
nonessential,TAAR8 (83551),1,True,True,
nonessential,TAS1R2 (80834),1,True,True,
nonessential,TAS2R1 (50834),1,True,True,
nonessential,TAS2R13 (50838),1,True,True,
nonessential,TAS2R16 (50833),1,True,True,
nonessential,TAS2R39 (259285),1,True,True,
nonessential,TAS2R40 (259286),1,True,True,
nonessential,TAS2R41 (259287),1,True,True,
nonessential,TAS2R42 (353164),1,True,True,
nonessential,TAS2R43 (259289),1,True,True,
nonessential,TAS2R46 (259292),1,True,True,
nonessential,TAS2R50 (259296),1,True,True,
nonessential,TAS2R60 (338398),1,True,True,
nonessential,TAS2R7 (50837),1,True,True,
nonessential,TAS2R8 (50836),1,True,True,
nonessential,TAS2R9 (50835),1,True,True,
nonessential,TBC1D21 (161514),1,True,True,
nonessential,TBC1D29P (26083),0,False,False,absent_from_score_header
nonessential,TBPL2 (387332),0,False,False,absent_from_score_header
nonessential,TBR1 (10716),1,True,True,
nonessential,TBX10 (347853),1,True,True,
nonessential,TBXT (6862),1,True,True,
nonessential,TCHHL1 (126637),1,True,True,
nonessential,TCP10L2 (401285),0,False,False,absent_from_score_header
nonessential,TEDDM1 (127670),1,True,True,
nonessential,TEX101 (83639),1,True,True,
nonessential,TEX44 (165100),1,True,True,
nonessential,TEX45 (374877),1,True,True,
nonessential,TEX55 (152405),1,True,True,
nonessential,TFAP2D (83741),1,True,True,
nonessential,TGM6 (343641),1,True,True,
nonessential,TKTL2 (84076),1,True,True,
nonessential,TLX1 (3195),1,True,True,
nonessential,TMEM132D (121256),1,True,True,
nonessential,TMEM132E-DT (400591),0,False,False,absent_from_score_header
nonessential,TMEM174 (134288),1,True,True,
nonessential,TMEM207 (131920),1,True,True,
nonessential,TMEM225 (338661),1,True,True,
nonessential,TMIGD1 (388364),1,True,True,
nonessential,TMPRSS11A (339967),1,True,True,
nonessential,TMPRSS11B (132724),1,True,True,
nonessential,TMPRSS11F (389208),1,True,True,
nonessential,TMPRSS12 (283471),1,True,True,
nonessential,TMPRSS15 (5651),1,True,True,
nonessential,TNR (7143),1,True,True,
nonessential,TPD52L3 (89882),1,True,True,
nonessential,TPH2 (121278),1,True,True,
nonessential,TPRX1 (284355),1,True,True,
nonessential,TPTE (7179),0,False,False,absent_from_score_header
nonessential,TREML4 (285852),1,True,True,
nonessential,TRHR (7201),1,True,True,
nonessential,TRIM40 (135644),1,True,True,
nonessential,TRIM42 (287015),1,True,True,
nonessential,TRIM43 (129868),1,False,False,nonfinite_in_full_103_denominator
nonessential,TRIM48 (79097),1,False,False,nonfinite_in_full_103_denominator
nonessential,TRIM60 (166655),1,True,True,
nonessential,TRIM67 (440730),1,True,True,
nonessential,TRIML1 (339976),1,True,True,
nonessential,TRPC7 (57113),1,True,True,
nonessential,TRPM1 (4308),1,True,True,
nonessential,TRPV5 (56302),1,True,True,
nonessential,TSBP1 (10665),1,True,True,
nonessential,TSGA13 (114960),1,True,True,
nonessential,TSHB (7252),1,True,True,
nonessential,TSPAN16 (26526),1,True,True,
nonessential,TSPO2 (222642),1,True,True,
nonessential,TSPYL6 (388951),1,True,True,
nonessential,TSSK1B (83942),1,True,True,
nonessential,TSSK2 (23617),1,True,True,
nonessential,TXNDC8 (255220),1,True,True,
nonessential,TYR (7299),1,True,True,
nonessential,UBQLN3 (50613),1,True,True,
nonessential,UMOD (7369),1,True,True,
nonessential,UROC1 (131669),1,True,True,
nonessential,USP17L2 (377630),0,False,False,absent_from_score_header
nonessential,USP29 (57663),1,True,True,
nonessential,UTS2R (2837),1,True,True,
nonessential,VAX1 (11023),1,True,True,
nonessential,VN1R2 (317701),1,True,True,
nonessential,VN1R4 (317703),1,True,True,
nonessential,VPREB1 (7441),1,True,True,
nonessential,VRTN (55237),1,True,True,
nonessential,VSX2 (338917),1,True,True,
nonessential,WFDC10A (140832),1,True,True,
nonessential,WFDC11 (259239),1,True,True,
nonessential,WFDC9 (259240),1,True,True,
nonessential,XKR7 (343702),1,True,True,
nonessential,ZG16 (653808),1,True,True,
nonessential,ZIM3 (114026),1,True,True,
nonessential,ZNF648 (127665),1,True,True,
nonessential,ZNF679 (168417),1,True,True,
nonessential,ZNF804B (219578),1,True,True,
nonessential,ZNRF4 (148066),1,True,True,
nonessential,ZP2 (7783),1,True,True,
nonessential,ZP4 (57829),1,True,True,
nonessential,ZSWIM2 (151112),1,True,True,
