screen_id,model_id,source,tissue,n_passing_sequences,n_included_sequences,retained_sequence_count,reconstructed_score,official_score,absolute_discrepancy,passes_absolute_1e_8_gate
SC-000007.AV01,ACH-000007,Avana,Large Intestine,2,2,2,-0.6421656176212722,-0.6421656176212722,0.0,True
SC-000009.AV01,ACH-000009,Avana,Large Intestine,3,3,3,0.07304530526573233,0.07304530526573233,0.0,True
SC-000252.AV01,ACH-000252,Avana,Large Intestine,2,2,2,0.06601352603549558,0.06601352603549558,0.0,True
SC-000350.AV01,ACH-000350,Avana,Large Intestine,3,3,3,0.43993939056761333,0.43993939056761333,0.0,True
SC-000381.AV01,ACH-000381,Avana,Large Intestine,3,3,3,-0.27239947181470403,-0.27239947181470403,0.0,True
SC-000403.AV01,ACH-000403,Avana,Large Intestine,3,3,3,0.2619039398966553,0.2619039398966553,0.0,True
SC-000421.AV01,ACH-000421,Avana,Large Intestine,3,3,3,0.06668404551840938,0.06668404551840938,0.0,True
SC-000470.AV01,ACH-000470,Avana,Large Intestine,3,3,3,-0.0765650661831657,-0.0765650661831657,0.0,True
SC-000489.AV01,ACH-000489,Avana,Large Intestine,1,1,1,-0.005982061667046963,-0.005982061667046963,0.0,True
SC-000491.AV01,ACH-000491,Avana,Large Intestine,3,3,3,0.40305635886978997,0.40305635886978997,0.0,True
SC-000532.AV01,ACH-000532,Avana,Large Intestine,2,2,2,-0.04130006968676181,-0.04130006968676181,0.0,True
SC-000552.AV01,ACH-000552,Avana,Large Intestine,2,2,2,0.10474818256211288,0.10474818256211288,0.0,True
SC-000651.AV01,ACH-000651,Avana,Large Intestine,3,3,3,0.42986823170979704,0.4298682317097971,5.551115123125783e-17,True
SC-000680.AV01,ACH-000680,Avana,Large Intestine,1,2,1,-1.1976491218457133,-1.1976491218457133,0.0,True
SC-000820.AV01,ACH-000820,Avana,Large Intestine,1,1,1,-0.04090926822561064,-0.04090926822561064,0.0,True
SC-000926.AV01,ACH-000926,Avana,Large Intestine,3,3,3,0.2189647667240594,0.2189647667240594,0.0,True
SC-000935.AV01,ACH-000935,Avana,Large Intestine,3,3,3,-0.2623008679189142,-0.2623008679189142,0.0,True
SC-000943.AV01,ACH-000943,Avana,Large Intestine,3,3,3,-1.6967284990987768,-1.6967284990987768,0.0,True
SC-000950.AV01,ACH-000950,Avana,Large Intestine,3,3,3,-0.4040344469978535,-0.4040344469978535,0.0,True
SC-000957.AV01,ACH-000957,Avana,Large Intestine,2,2,2,-1.356226651518841,-1.356226651518841,0.0,True
SC-000958.AV01,ACH-000958,Avana,Large Intestine,2,2,2,-1.6093553798765572,-1.6093553798765572,0.0,True
SC-000963.AV01,ACH-000963,Avana,Large Intestine,3,3,3,-0.3398967504146375,-0.3398967504146375,0.0,True
SC-000969.AV01,ACH-000969,Avana,Large Intestine,3,3,3,-1.4068743278556162,-1.4068743278556162,0.0,True
SC-000986.AV01,ACH-000986,Avana,Large Intestine,3,3,3,-0.007839603978575842,-0.007839603978575842,0.0,True
SC-001345.AV01,ACH-001345,Avana,Large Intestine,2,2,2,-0.4440227862464678,-0.4440227862464678,0.0,True
SC-000048.AV01,ACH-000048,Avana,Ovary,2,2,2,-0.1426498610128116,-0.1426498610128116,0.0,True
SC-000132.AV01,ACH-000132,Avana,Ovary,1,1,1,-0.08756720374314053,-0.08756720374314053,0.0,True
SC-000291.AV01,ACH-000291,Avana,Ovary,2,2,2,-0.22042384473470514,-0.22042384473470514,0.0,True
SC-000308.AV01,ACH-000308,Avana,Ovary,3,3,3,0.22479574836096428,0.22479574836096428,0.0,True
SC-000524.AV01,ACH-000524,Avana,Ovary,3,3,3,-0.005138403624565982,-0.005138403624565982,0.0,True
SC-000527.AV01,ACH-000527,Avana,Ovary,3,3,3,0.08843478884281343,0.08843478884281343,0.0,True
SC-000584.AV01,ACH-000584,Avana,Ovary,3,3,3,-0.44612247036835306,-0.44612247036835306,0.0,True
SC-000657.AV01,ACH-000657,Avana,Ovary,2,2,2,0.14203843338548522,0.14203843338548522,0.0,True
SC-000663.AV01,ACH-000663,Avana,Ovary,2,3,2,0.07163218792954681,0.07163218792954681,0.0,True
SC-000688.AV01,ACH-000688,Avana,Ovary,2,2,2,0.107236334762284,0.107236334762284,0.0,True
SC-000696.AV01,ACH-000696,Avana,Ovary,3,3,3,0.08677214050886134,0.08677214050886134,0.0,True
SC-000713.AV01,ACH-000713,Avana,Ovary,3,3,3,0.1958886671551705,0.1958886671551705,0.0,True
SC-000719.AV02,ACH-000719,Avana,Ovary,2,2,2,-0.2911641106371238,-0.2911641106371238,0.0,True
SC-000811.AV01,ACH-000811,Avana,Ovary,3,3,3,-0.1929835167114667,-0.1929835167114667,0.0,True
SC-000885.AV01,ACH-000885,Avana,Ovary,3,3,3,-2.0638994484851096,-2.0638994484851096,0.0,True
SC-000906.AV01,ACH-000906,Avana,Ovary,3,3,3,-0.23440223387073153,-0.23440223387073156,2.7755575615628914e-17,True
SC-000936.AV01,ACH-000936,Avana,Ovary,2,2,2,-0.7315745596680778,-0.7315745596680778,0.0,True
SC-000947.AV01,ACH-000947,Avana,Ovary,3,3,3,-2.5287149025994218,-2.5287149025994218,0.0,True
SC-001151.AV01,ACH-001151,Avana,Ovary,2,2,2,-0.11638762099616744,-0.11638762099616744,0.0,True
SC-001374.AV01,ACH-001374,Avana,Ovary,2,2,2,-0.037691872411006265,-0.037691872411006265,0.0,True
SC-001418.AV01,ACH-001418,Avana,Ovary,2,2,2,-0.22307934493143972,-0.22307934493143972,0.0,True
SC-001630.AV01,ACH-001630,Avana,Ovary,2,2,2,-0.7773113274678836,-0.7773113274678836,0.0,True
SC-000007.KY01,ACH-000007,KY,Large Intestine,3,3,3,-0.43936233178138906,-0.43936233178138906,0.0,True
SC-000009.KY01,ACH-000009,KY,Large Intestine,3,3,3,-0.09671894775885788,-0.09671894775885788,0.0,True
SC-000249.KY01,ACH-000249,KY,Large Intestine,3,3,3,0.20478179196997473,0.20478179196997473,0.0,True
SC-000252.KY01,ACH-000252,KY,Large Intestine,3,3,3,0.011377691360072684,0.011377691360072684,0.0,True
SC-000350.KY01,ACH-000350,KY,Large Intestine,3,3,3,0.08506716675428133,0.08506716675428133,0.0,True
SC-000381.KY01,ACH-000381,KY,Large Intestine,2,2,2,0.2646820910817818,0.2646820910817818,0.0,True
SC-000421.KY01,ACH-000421,KY,Large Intestine,3,3,3,0.32897115209969346,0.32897115209969346,0.0,True
SC-000501.KY01,ACH-000501,KY,Large Intestine,3,3,3,0.5190991958788919,0.5190991958788919,0.0,True
SC-000532.KY01,ACH-000532,KY,Large Intestine,3,3,3,-0.027191590364850488,-0.027191590364850488,0.0,True
SC-000552.KY01,ACH-000552,KY,Large Intestine,6,6,6,0.0981508293040827,0.09815082930408271,1.3877787807814457e-17,True
SC-000565.KY01,ACH-000565,KY,Large Intestine,3,3,3,-0.33334998022831647,-0.33334998022831647,0.0,True
SC-000651.KY01,ACH-000651,KY,Large Intestine,4,4,4,0.28613762903479445,0.28613762903479445,0.0,True
SC-000722.KY01,ACH-000722,KY,Large Intestine,3,3,3,-1.2634626307692143,-1.2634626307692143,0.0,True
SC-000926.KY01,ACH-000926,KY,Large Intestine,3,3,3,0.4984828400391989,0.4984828400391989,0.0,True
SC-000935.KY01,ACH-000935,KY,Large Intestine,1,1,1,-0.6967103074847341,-0.6967103074847341,0.0,True
SC-000943.KY01,ACH-000943,KY,Large Intestine,3,3,3,-4.706138425507311,-4.706138425507311,0.0,True
SC-000950.KY01,ACH-000950,KY,Large Intestine,3,3,3,-4.9572555841053685,-4.9572555841053685,0.0,True
SC-000957.KY01,ACH-000957,KY,Large Intestine,3,3,3,-3.8873607610553833,-3.8873607610553833,0.0,True
SC-000958.KY01,ACH-000958,KY,Large Intestine,3,3,3,-4.970900775593246,-4.970900775593246,0.0,True
SC-000969.KY01,ACH-000969,KY,Large Intestine,3,3,3,-3.769658491787371,-3.769658491787371,0.0,True
SC-000970.KY01,ACH-000970,KY,Large Intestine,3,3,3,-4.332353576944905,-4.332353576944905,0.0,True
SC-000971.KY01,ACH-000971,KY,Large Intestine,3,3,3,-4.237887250334089,-4.237887250334089,0.0,True
SC-000985.KY01,ACH-000985,KY,Large Intestine,3,3,3,-5.488374445652458,-5.488374445652458,0.0,True
SC-000991.KY01,ACH-000991,KY,Large Intestine,3,3,3,-0.29321965085073926,-0.29321965085073926,0.0,True
SC-000997.KY01,ACH-000997,KY,Large Intestine,6,6,6,-0.048816019697977026,-0.048816019697977026,0.0,True
SC-001039.KY01,ACH-001039,KY,Large Intestine,3,3,3,0.4630918084581141,0.4630918084581141,0.0,True
SC-001081.KY01,ACH-001081,KY,Large Intestine,3,3,3,-0.13596756564535048,-0.13596756564535048,0.0,True
SC-001345.KY01,ACH-001345,KY,Large Intestine,3,3,3,-2.855442752147301,-2.855442752147301,0.0,True
SC-001399.KY01,ACH-001399,KY,Large Intestine,3,3,3,0.2495682985431736,0.2495682985431736,0.0,True
SC-002233.KY01,ACH-002233,KY,Large Intestine,3,3,3,0.24236130986318813,0.24236130986318816,2.7755575615628914e-17,True
SC-000001.KY01,ACH-000001,KY,Ovary,2,2,2,0.12215997951604221,0.12215997951604221,0.0,True
SC-000048.KY01,ACH-000048,KY,Ovary,3,3,3,0.4373796676830673,0.43737966768306724,5.551115123125783e-17,True
SC-000103.KY01,ACH-000103,KY,Ovary,3,3,3,0.20457856371137353,0.20457856371137353,0.0,True
SC-000132.KY01,ACH-000132,KY,Ovary,3,3,3,0.32289682056931474,0.32289682056931474,0.0,True
SC-000291.KY01,ACH-000291,KY,Ovary,3,3,3,-0.09919216408578783,-0.09919216408578783,0.0,True
SC-000308.KY01,ACH-000308,KY,Ovary,3,3,3,0.17470210325258276,0.17470210325258276,0.0,True
SC-000430.KY01,ACH-000430,KY,Ovary,3,3,3,0.023162460997559243,0.023162460997559253,1.0408340855860843e-17,True
SC-000524.KY01,ACH-000524,KY,Ovary,3,3,3,-0.17674224932480173,-0.17674224932480176,2.7755575615628914e-17,True
SC-000527.KY01,ACH-000527,KY,Ovary,2,2,2,-0.30588920293857674,-0.30588920293857674,0.0,True
SC-000584.KY01,ACH-000584,KY,Ovary,3,3,3,-0.3067650464805441,-0.3067650464805441,0.0,True
SC-000657.KY01,ACH-000657,KY,Ovary,2,2,2,-1.1172557324232413,-1.1172557324232413,0.0,True
SC-000696.KY01,ACH-000696,KY,Ovary,3,3,3,-0.28694871294999663,-0.28694871294999663,0.0,True
SC-000704.KY01,ACH-000704,KY,Ovary,3,3,3,-0.09882071279808761,-0.09882071279808763,1.3877787807814457e-17,True
SC-000719.KY01,ACH-000719,KY,Ovary,2,3,2,-0.13552228894882573,-0.13552228894882573,0.0,True
SC-000885.KY01,ACH-000885,KY,Ovary,3,3,3,-3.456741241685009,-3.456741241685009,0.0,True
SC-000906.KY01,ACH-000906,KY,Ovary,3,3,3,-0.10023716487403735,-0.10023716487403735,0.0,True
SC-000936.KY01,ACH-000936,KY,Ovary,3,3,3,-0.21485892563568568,-0.21485892563568568,0.0,True
SC-000947.KY01,ACH-000947,KY,Ovary,3,3,3,-2.197935660876738,-2.197935660876738,0.0,True
SC-000962.KY01,ACH-000962,KY,Ovary,3,3,3,-4.665737126304375,-4.665737126304375,0.0,True
SC-000966.KY01,ACH-000966,KY,Ovary,3,3,3,-3.2859597488954475,-3.2859597488954475,0.0,True
SC-001151.KY01,ACH-001151,KY,Ovary,3,3,3,-0.30780372739950973,-0.30780372739950973,0.0,True
SC-001418.KY01,ACH-001418,KY,Ovary,3,3,3,-0.0453449501956637,-0.0453449501956637,0.0,True
SC-001630.KY01,ACH-001630,KY,Ovary,3,3,3,-0.4165562334464294,-0.4165562334464294,0.0,True
SC-002140.KY01,ACH-002140,KY,Ovary,3,3,3,0.17648731044202978,0.17648731044202978,0.0,True
SC-002181.KY01,ACH-002181,KY,Ovary,3,3,3,0.11188378758830514,0.11188378758830514,0.0,True
SC-002183.KY01,ACH-002183,KY,Ovary,2,2,2,-0.07607286438550352,-0.07607286438550352,0.0,True
