model_id,source,tissue,raw_efficacy,raw_growth_rate,efficacy_percentile,growth_percentile
ACH-000007,Avana,Large Intestine,0.7315405482767068,0.9298124534112426,0.5833333333333334,0.5833333333333334
ACH-000009,Avana,Large Intestine,0.8380638801770854,0.8037992033989265,0.8333333333333334,0.20833333333333334
ACH-000252,Avana,Large Intestine,0.3790900372307069,0.8291546727687896,0.08333333333333333,0.25
ACH-000350,Avana,Large Intestine,0.8567126870325097,0.967124460566402,0.875,0.7083333333333334
ACH-000381,Avana,Large Intestine,0.8007606596879489,0.879914406544808,0.7083333333333334,0.375
ACH-000403,Avana,Large Intestine,0.8160393352003994,0.9017494645193588,0.7916666666666666,0.4583333333333333
ACH-000421,Avana,Large Intestine,0.7095016632755007,0.9618421378289712,0.5416666666666666,0.6666666666666666
ACH-000470,Avana,Large Intestine,0.9562545361007952,1.0557135373194977,0.9583333333333334,0.8333333333333334
ACH-000489,Avana,Large Intestine,0.9614809065082298,1.228054325777359,1.0,0.9583333333333334
ACH-000491,Avana,Large Intestine,0.7643415794351347,0.8866035833512526,0.625,0.4166666666666667
ACH-000532,Avana,Large Intestine,0.706999573074273,0.7948720337376532,0.5,0.16666666666666666
ACH-000552,Avana,Large Intestine,0.6417260848461837,0.902510056028913,0.375,0.5
ACH-000651,Avana,Large Intestine,0.903360523683684,1.1067832084014155,0.9166666666666666,0.9166666666666666
ACH-000680,Avana,Large Intestine,0.6228739215992029,1.313154457310628,0.2916666666666667,1.0
ACH-000820,Avana,Large Intestine,0.315351967709633,1.043508239744642,0.0,0.7916666666666666
ACH-000926,Avana,Large Intestine,0.7815744546773213,0.7454867504385781,0.6666666666666666,0.125
ACH-000935,Avana,Large Intestine,0.6278591371149118,0.93292142185709,0.3333333333333333,0.625
ACH-000943,Avana,Large Intestine,0.8053285620598688,0.8608090843004348,0.75,0.3333333333333333
ACH-000950,Avana,Large Intestine,0.4886057860802326,0.710270059489943,0.16666666666666666,0.08333333333333333
ACH-000957,Avana,Large Intestine,0.674334529209649,1.0941417469296055,0.4583333333333333,0.875
ACH-000958,Avana,Large Intestine,0.6468924329773671,0.8531302873141444,0.4166666666666667,0.2916666666666667
ACH-000963,Avana,Large Intestine,0.437173134118109,0.5714805910283088,0.125,0.041666666666666664
ACH-000969,Avana,Large Intestine,0.609610858651755,0.9229365210774833,0.25,0.5416666666666666
ACH-000986,Avana,Large Intestine,0.4923821259582784,0.9729836653048538,0.20833333333333334,0.75
ACH-001345,Avana,Large Intestine,0.364393432050331,0.4900363720906617,0.041666666666666664,0.0
ACH-000048,Avana,Ovary,0.5541401926469738,1.0053604994066594,0.09523809523809523,0.38095238095238093
ACH-000132,Avana,Ovary,0.9671911427133348,1.1301098534432383,0.9523809523809523,0.7619047619047619
ACH-000291,Avana,Ovary,0.8954313567772723,1.1046547458950011,0.6190476190476191,0.6666666666666666
ACH-000308,Avana,Ovary,0.9580541092061502,1.1103766680633151,0.8571428571428571,0.7142857142857143
ACH-000524,Avana,Ovary,0.8392201389088569,0.8331437064270442,0.38095238095238093,0.19047619047619047
ACH-000527,Avana,Ovary,0.8905614928189022,0.972552663696514,0.5238095238095238,0.2857142857142857
ACH-000584,Avana,Ovary,0.972572294980248,1.041869399588673,1.0,0.6190476190476191
ACH-000657,Avana,Ovary,0.893875601485677,1.1962044309726072,0.5714285714285714,0.9523809523809523
ACH-000663,Avana,Ovary,0.8244934131588517,0.7500994022103485,0.2857142857142857,0.047619047619047616
ACH-000688,Avana,Ovary,0.4171254682659606,0.7355731104796395,0.047619047619047616,0.0
ACH-000696,Avana,Ovary,0.746604880979922,0.876565741859656,0.19047619047619047,0.23809523809523808
ACH-000713,Avana,Ovary,0.7427455487512977,1.131789260600019,0.14285714285714285,0.8095238095238095
ACH-000719,Avana,Ovary,0.8441753179253023,0.7774148210948509,0.42857142857142855,0.14285714285714285
ACH-000811,Avana,Ovary,0.7783517256867745,0.754302257754835,0.23809523809523808,0.09523809523809523
ACH-000885,Avana,Ovary,0.8980233934831838,1.0220535691662096,0.6666666666666666,0.47619047619047616
ACH-000906,Avana,Ovary,0.9063344227322944,1.0319662264288514,0.7142857142857143,0.5238095238095238
ACH-000936,Avana,Ovary,0.835337345523059,1.0176875277935742,0.3333333333333333,0.42857142857142855
ACH-000947,Avana,Ovary,0.933249973532939,1.1359655068155416,0.7619047619047619,0.8571428571428571
ACH-001151,Avana,Ovary,0.93939825000108,1.0399811465480928,0.8095238095238095,0.5714285714285714
ACH-001374,Avana,Ovary,0.2390631450197297,0.9925804292268426,0.0,0.3333333333333333
ACH-001418,Avana,Ovary,0.9621410419905372,1.1556053701963205,0.9047619047619048,0.9047619047619048
ACH-001630,Avana,Ovary,0.8757009560086682,1.1973229722350411,0.47619047619047616,1.0
ACH-000007,KY,Large Intestine,0.9429071555030408,1.0262485090036295,0.4827586206896552,0.6896551724137931
ACH-000009,KY,Large Intestine,0.9662079864876504,0.9397630893452152,0.896551724137931,0.5172413793103449
ACH-000249,KY,Large Intestine,0.9630638296173248,1.0628569899643416,0.8275862068965517,0.8275862068965517
ACH-000252,KY,Large Intestine,0.9690951432704804,0.8373450527178684,0.9310344827586207,0.10344827586206896
ACH-000350,KY,Large Intestine,0.6819072237952212,0.7779211091466885,0.0,0.034482758620689655
ACH-000381,KY,Large Intestine,0.8480965375897873,0.6762769359799053,0.034482758620689655,0.0
ACH-000421,KY,Large Intestine,0.9233425341329078,0.8808537874599759,0.1724137931034483,0.27586206896551724
ACH-000501,KY,Large Intestine,0.8788294422872824,0.8450320789064888,0.06896551724137931,0.1724137931034483
ACH-000532,KY,Large Intestine,0.923431419006909,0.8316638424086765,0.20689655172413793,0.06896551724137931
ACH-000552,KY,Large Intestine,0.938566672807894,0.9346215131207632,0.4482758620689655,0.4482758620689655
ACH-000565,KY,Large Intestine,0.9237294566508132,0.8822881582961877,0.2413793103448276,0.3103448275862069
ACH-000651,KY,Large Intestine,0.9587296687958912,1.1110425517121718,0.6896551724137931,0.8620689655172413
ACH-000722,KY,Large Intestine,0.9366472020277355,0.8405397044492031,0.41379310344827586,0.13793103448275862
ACH-000926,KY,Large Intestine,0.9523005857697916,0.8892753817573442,0.5862068965517241,0.3448275862068966
ACH-000935,KY,Large Intestine,0.9244863826453168,0.863229487728484,0.27586206896551724,0.20689655172413793
ACH-000943,KY,Large Intestine,0.9645679110357838,1.1654854933416907,0.8620689655172413,0.9655172413793104
ACH-000950,KY,Large Intestine,0.9273568993038784,1.0506878450479218,0.3103448275862069,0.7241379310344828
ACH-000957,KY,Large Intestine,0.9603642234469456,1.2027824913160523,0.7586206896551724,1.0
ACH-000958,KY,Large Intestine,0.9612731228360012,1.1622507349222246,0.7931034482758621,0.9310344827586207
ACH-000969,KY,Large Intestine,0.9055788815827,0.972519168959966,0.13793103448275862,0.5862068965517241
ACH-000970,KY,Large Intestine,0.9510299177018636,1.12782732762382,0.5517241379310345,0.896551724137931
ACH-000971,KY,Large Intestine,0.9580213901358168,1.0612880058588527,0.6551724137931034,0.7931034482758621
ACH-000985,KY,Large Intestine,0.9772476184419115,0.9369706221441408,1.0,0.4827586206896552
ACH-000991,KY,Large Intestine,0.9590864615016612,1.0124328666267537,0.7241379310344828,0.6551724137931034
ACH-000997,KY,Large Intestine,0.929586654881342,0.9117577724362042,0.3448275862068966,0.3793103448275862
ACH-001039,KY,Large Intestine,0.9735820462993878,1.0042159517171818,0.9655172413793104,0.6206896551724138
ACH-001081,KY,Large Intestine,0.94653262460442,0.9176198891801434,0.5172413793103449,0.41379310344827586
ACH-001345,KY,Large Intestine,0.9548683742735896,1.0511535886533498,0.6206896551724138,0.7586206896551724
ACH-001399,KY,Large Intestine,0.8816169393955702,0.9522701841035084,0.10344827586206896,0.5517241379310345
ACH-002233,KY,Large Intestine,0.9349749839434812,0.8689098961596601,0.3793103448275862,0.2413793103448276
ACH-000001,KY,Ovary,0.8970814281936087,0.9475450198132832,0.48,0.48
ACH-000048,KY,Ovary,0.8897055155986784,1.1363863103144267,0.4,0.8
ACH-000103,KY,Ovary,0.8850746655049835,0.9312042578787832,0.36,0.44
ACH-000132,KY,Ovary,0.9103798390645989,1.1405878896852315,0.56,0.84
ACH-000291,KY,Ovary,0.9151888191211578,0.9667483095773948,0.68,0.56
ACH-000308,KY,Ovary,0.6232522968246711,0.5938739167298045,0.08,0.0
ACH-000430,KY,Ovary,0.9169204368075158,1.167711721094424,0.72,0.92
ACH-000524,KY,Ovary,0.7929548767695889,0.8338249653368347,0.16,0.16
ACH-000527,KY,Ovary,0.8839840699914294,1.0408709070823683,0.32,0.76
ACH-000584,KY,Ovary,0.9677011211409052,0.9940462717180656,0.92,0.64
ACH-000657,KY,Ovary,0.981498689213243,0.9204161047559224,0.96,0.4
ACH-000696,KY,Ovary,0.932081767001158,0.989720310517668,0.8,0.6
ACH-000704,KY,Ovary,0.3593859022295707,0.8714522752580589,0.0,0.28
ACH-000719,KY,Ovary,0.7995228307894514,0.7671974804536269,0.2,0.04
ACH-000885,KY,Ovary,0.9116097183568184,1.196277068924701,0.64,0.96
ACH-000906,KY,Ovary,0.946585303988193,1.001660823130237,0.84,0.68
ACH-000936,KY,Ovary,0.861132558947598,0.9005735246617652,0.28,0.36
ACH-000947,KY,Ovary,0.8938111524776315,1.1667444450718223,0.44,0.88
ACH-000962,KY,Ovary,0.9876525196137352,0.9660413311014936,1.0,0.52
ACH-000966,KY,Ovary,0.8322008707613091,0.8348842941010377,0.24,0.2
ACH-001151,KY,Ovary,0.9215260999772548,1.0284782808788004,0.76,0.72
ACH-001418,KY,Ovary,0.7914316294049487,0.7693956210101953,0.12,0.08
ACH-001630,KY,Ovary,0.9022761099725376,0.8239121532350866,0.52,0.12
ACH-002140,KY,Ovary,0.9579727836987848,1.255766777070169,0.88,1.0
ACH-002181,KY,Ovary,0.9107259467633476,0.8610264547347676,0.6,0.24
ACH-002183,KY,Ovary,0.3993238458041965,0.8793500316683905,0.04,0.32
